-- MySQL dump 10.13  Distrib 8.0.26, for Win64 (x86_64)
--
-- Host: 127.0.0.1    Database: huichuang
-- ------------------------------------------------------
-- Server version	8.0.26

/*!40101 SET @OLD_CHARACTER_SET_CLIENT=@@CHARACTER_SET_CLIENT */;
/*!40101 SET @OLD_CHARACTER_SET_RESULTS=@@CHARACTER_SET_RESULTS */;
/*!40101 SET @OLD_COLLATION_CONNECTION=@@COLLATION_CONNECTION */;
/*!50503 SET NAMES utf8mb4 */;
/*!40103 SET @OLD_TIME_ZONE=@@TIME_ZONE */;
/*!40103 SET TIME_ZONE='+00:00' */;
/*!40014 SET @OLD_UNIQUE_CHECKS=@@UNIQUE_CHECKS, UNIQUE_CHECKS=0 */;
/*!40014 SET @OLD_FOREIGN_KEY_CHECKS=@@FOREIGN_KEY_CHECKS, FOREIGN_KEY_CHECKS=0 */;
/*!40101 SET @OLD_SQL_MODE=@@SQL_MODE, SQL_MODE='NO_AUTO_VALUE_ON_ZERO' */;
/*!40111 SET @OLD_SQL_NOTES=@@SQL_NOTES, SQL_NOTES=0 */;

--
-- Table structure for table `t_hc_community_advertisement`
--

DROP TABLE IF EXISTS `t_hc_community_advertisement`;
/*!40101 SET @saved_cs_client     = @@character_set_client */;
/*!50503 SET character_set_client = utf8mb4 */;
CREATE TABLE `t_hc_community_advertisement` (
  `AID` int NOT NULL AUTO_INCREMENT,
  `PICTURENAME` varchar(255) DEFAULT NULL COMMENT '广告图片名称',
  `PICTUREADDRESS` varchar(255) DEFAULT NULL COMMENT '广告图片地址',
  `MODULE` varchar(255) DEFAULT NULL COMMENT '所属模块',
  `LINKTYPE` varchar(255) DEFAULT NULL COMMENT '链接类型',
  `JUMPADDRESS` varchar(255) DEFAULT NULL COMMENT '跳转地址',
  `CONTENTTYPE` varchar(255) DEFAULT NULL COMMENT '内容类型',
  `SORT` int DEFAULT NULL COMMENT '排序',
  PRIMARY KEY (`AID`)
) ENGINE=InnoDB AUTO_INCREMENT=47 DEFAULT CHARSET=utf8mb4 COLLATE=utf8mb4_0900_ai_ci COMMENT='广告轮播图表';
/*!40101 SET character_set_client = @saved_cs_client */;

--
-- Dumping data for table `t_hc_community_advertisement`
--

INSERT INTO `t_hc_community_advertisement` VALUES (3,'宝钢电工钢','https://www.ibaosteel.com/ibaosteel/static/community/advertisement/diangong.jpeg','社区PC首页','PC','http://ecommerce.ibaosteel.com/baosteel_products/eleSteel/cn/index.jsp?onlineFlag=IBAOSTEEL','img',1),(10,'宝钢彩涂板完美建筑选择','https://www.ibaosteel.com/ibaosteel/static/community/advertisement/caituzhuanqu.jpeg','社区PC首页','APP','http://ecommerce.ibaosteel.com/baosteel_color/index.jsp?onlineFlag=IBAOSTEEL','img',2),(23,'3月价格政策','http://test-www.ibaosteel.com/ibaosteel/static/community/advertisement/1.jpg','社区PC首页','PC','http://test-www.ibaosteel.com/online/community/#/postDetails?id=44&title=false','img',3),(26,'3月价格政策','http://test-www.ibaosteel.com/ibaosteel/static/community/advertisement/3.jpg','社区PC首页','PC','http://test-www.ibaosteel.com/online/community/#/postDetails?id=44&title=false','img',4),(27,'宝钢汽车板','http://test-www.ibaosteel.com/ibaosteel/static/community/advertisement/7.png','社区PC首页','PC','http://test-www.ibaosteel.com/online/community/#/postDetails?id=27&title=false','img',5),(28,'2月价格政策','http://test-www.ibaosteel.com/ibaosteel/static/community/advertisement/2.jpg','社区PC首页','PC','http://test-www.ibaosteel.com/online/community/#/postDetails?id=27&title=false','img',6),(29,'2月价格政策','http://test-www.ibaosteel.com/ibaosteel/static/community/advertisement/2.jpg','社区APP首页','APP','http://test-www.ibaosteel.com/online/community/#/postDetails?id=27&title=false','img',1),(30,'宝钢电工钢','https://www.ibaosteel.com/ibaosteel/static/community/advertisement/diangong.jpeg','社区APP首页','APP','http://ecommerce.ibaosteel.com/baosteel_products/eleSteel/cn/index.jsp?onlineFlag=IBAOSTEEL','img',2),(31,'宝钢彩涂板完美建筑选择','https://www.ibaosteel.com/ibaosteel/static/community/advertisement/caituzhuanqu.jpeg','社区APP首页','APP','http://ecommerce.ibaosteel.com/baosteel_color/index.jsp?onlineFlag=IBAOSTEEL','img',3),(32,'3月价格政策','http://test-www.ibaosteel.com/ibaosteel/static/community/advertisement/1.jpg','社区APP首页','APP','http://test-www.ibaosteel.com/online/community/#/postDetails?id=44&title=false','img',4),(33,'3月价格政策','http://test-www.ibaosteel.com/ibaosteel/static/community/advertisement/3.jpg','社区APP首页','APP','http://test-www.ibaosteel.com/online/community/#/postDetails?id=44&title=false','img',5),(34,'宝钢汽车板','http://test-www.ibaosteel.com/ibaosteel/static/community/advertisement/7.png','社区APP首页','APP','http://test-www.ibaosteel.com/online/community/#/postDetails?id=27&title=false','img',6),(35,'宝钢电工钢','https://www.ibaosteel.com/ibaosteel/static/community/advertisement/diangong.jpeg','慧创PC首页','PC','http://ecommerce.ibaosteel.com/baosteel_products/eleSteel/cn/index.jsp?onlineFlag=IBAOSTEEL','img',1),(36,'宝钢彩涂板完美建筑选择','https://www.ibaosteel.com/ibaosteel/static/community/advertisement/caituzhuanqu.jpeg','慧创PC首页','PC','http://ecommerce.ibaosteel.com/baosteel_color/index.jsp?onlineFlag=IBAOSTEEL','img',2),(37,'3月价格政策','http://test-www.ibaosteel.com/ibaosteel/static/community/advertisement/1.jpg','慧创PC首页','PC','http://test-www.ibaosteel.com/online/community/#/postDetails?id=44&title=false','img',3),(38,'3月价格政策','http://test-www.ibaosteel.com/ibaosteel/static/community/advertisement/3.jpg','慧创PC首页','PC','http://test-www.ibaosteel.com/online/community/#/postDetails?id=44&title=false','img',4),(39,'宝钢汽车板','http://test-www.ibaosteel.com/ibaosteel/static/community/advertisement/7.png','慧创PC首页','PC','http://test-www.ibaosteel.com/online/community/#/postDetails?id=27&title=false','img',5),(40,'2月价格政策','http://test-www.ibaosteel.com/ibaosteel/static/community/advertisement/2.jpg','慧创PC首页','PC','http://test-www.ibaosteel.com/online/community/#/postDetails?id=27&title=false','img',6),(41,'2月价格政策','http://test-www.ibaosteel.com/ibaosteel/static/community/advertisement/2.jpg','慧创APP首页','APP','http://test-www.ibaosteel.com/online/community/#/postDetails?id=27&title=false','img',1),(42,'宝钢电工钢','https://www.ibaosteel.com/ibaosteel/static/community/advertisement/diangong.jpeg','慧创APP首页','APP','http://ecommerce.ibaosteel.com/baosteel_products/eleSteel/cn/index.jsp?onlineFlag=IBAOSTEEL','img',2),(43,'宝钢彩涂板完美建筑选择','https://www.ibaosteel.com/ibaosteel/static/community/advertisement/caituzhuanqu.jpeg','慧创APP首页','APP','http://ecommerce.ibaosteel.com/baosteel_color/index.jsp?onlineFlag=IBAOSTEEL','img',3),(44,'3月价格政策','http://test-www.ibaosteel.com/ibaosteel/static/community/advertisement/1.jpg','慧创APP首页','APP','http://test-www.ibaosteel.com/online/community/#/postDetails?id=44&title=false','img',4),(45,'3月价格政策','http://test-www.ibaosteel.com/ibaosteel/static/community/advertisement/3.jpg','慧创APP首页','APP','http://test-www.ibaosteel.com/online/community/#/postDetails?id=44&title=false','img',5),(46,'宝钢汽车板','http://test-www.ibaosteel.com/ibaosteel/static/community/advertisement/7.png','慧创APP首页','APP','http://test-www.ibaosteel.com/online/community/#/postDetails?id=27&title=false','img',6);

--
-- Table structure for table `t_hc_community_comment`
--

DROP TABLE IF EXISTS `t_hc_community_comment`;
/*!40101 SET @saved_cs_client     = @@character_set_client */;
/*!50503 SET character_set_client = utf8mb4 */;
CREATE TABLE `t_hc_community_comment` (
  `CID` int NOT NULL AUTO_INCREMENT COMMENT '评论id',
  `PCID` int NOT NULL COMMENT '帖子评论ID',
  `CPID` int NOT NULL DEFAULT '0' COMMENT '评论父id、默认父ID 0',
  `AUDITSTATUS` int NOT NULL DEFAULT '10' COMMENT '评论审核状态 [10 评论审核中] [20 评论审核通过] [30 评论审核不通过]',
  `AUDITDESCRIPTION` varchar(200) NOT NULL COMMENT '评论审核描述',
  `CONTENT` longtext NOT NULL COMMENT '评论内容',
  `USERNAME` varchar(200) NOT NULL COMMENT '评论者昵称',
  `RMSTATUS` int NOT NULL DEFAULT '20' COMMENT '删除状态 [10 删除] [20 没删除]',
  `GMTCREATE` datetime NOT NULL COMMENT '评论创建时间',
  PRIMARY KEY (`CID`)
) ENGINE=InnoDB AUTO_INCREMENT=1441 DEFAULT CHARSET=utf8mb4 COLLATE=utf8mb4_0900_ai_ci COMMENT='评论明细表';
/*!40101 SET character_set_client = @saved_cs_client */;

--
-- Dumping data for table `t_hc_community_comment`
--

INSERT INTO `t_hc_community_comment` VALUES (164,44,0,20,'审核通过','测试','武汉兴创',20,'2023-02-15 02:52:25'),(165,44,0,30,'审核不通过','在不','武汉兴创',20,'2023-02-15 02:52:34'),(166,44,164,20,'后台回复默认通过','测试2','小慧',20,'2023-02-15 02:56:53'),(167,27,0,10,'评论正在审核中!','测测','武汉兴创',20,'2023-02-15 03:15:52'),(168,27,0,10,'评论正在审核中!','测试','笑笑',20,'2023-02-15 03:29:45'),(169,44,0,10,'评论正在审核中!','测试','笑笑',20,'2023-02-15 03:30:08'),(170,44,0,20,'审核通过','fff','笑笑',20,'2023-02-16 01:12:58'),(171,27,0,10,'评论正在审核中!','eeee','笑笑',20,'2023-02-16 01:14:43'),(172,44,0,10,'评论正在审核中!','1','781191',20,'2023-03-07 02:10:42'),(173,44,0,10,'评论正在审核中!','1','781191',20,'2023-03-07 02:15:29'),(174,25,0,10,'评论正在审核中!','21111','本田贸易',20,'2023-07-03 01:47:25'),(175,25,0,10,'评论正在审核中!','21111','本田贸易',20,'2023-07-03 01:47:25'),(176,25,0,10,'评论正在审核中!','21111','本田贸易',20,'2023-07-03 02:14:05'),(177,25,0,10,'评论正在审核中!','21111','本田贸易',20,'2023-07-03 02:14:05'),(178,25,0,10,'评论正在审核中!','21111','本田贸易',20,'2023-07-03 02:14:05'),(179,25,0,10,'评论正在审核中!','21111','本田贸易',20,'2023-07-03 02:14:06'),(180,25,0,10,'评论正在审核中!','21111','本田贸易',20,'2023-07-03 02:14:06'),(181,25,0,10,'评论正在审核中!','21111','本田贸易',20,'2023-07-03 02:14:06'),(182,25,0,10,'评论正在审核中!','21111','本田贸易',20,'2023-07-03 02:14:06'),(183,25,0,10,'评论正在审核中!','21111','本田贸易',20,'2023-07-03 02:14:06'),(184,25,0,10,'评论正在审核中!','21111','本田贸易',20,'2023-07-03 02:14:06'),(185,25,0,10,'评论正在审核中!','21111','本田贸易',20,'2023-07-03 02:14:06'),(186,25,0,10,'评论正在审核中!','21111','本田贸易',20,'2023-07-03 02:14:07'),(187,25,0,10,'评论正在审核中!','21111','本田贸易',20,'2023-07-03 02:14:07'),(188,25,0,10,'评论正在审核中!','21111','本田贸易',20,'2023-07-03 02:14:07'),(189,25,0,10,'评论正在审核中!','21111','本田贸易',20,'2023-07-03 02:14:07'),(190,25,0,10,'评论正在审核中!','21111','本田贸易',20,'2023-07-03 02:14:07'),(191,25,0,10,'评论正在审核中!','21111','本田贸易',20,'2023-07-03 02:14:07'),(192,25,0,10,'评论正在审核中!','21111','本田贸易',20,'2023-07-03 02:14:07'),(193,25,0,10,'评论正在审核中!','21111','本田贸易',20,'2023-07-03 02:14:08'),(194,25,0,10,'评论正在审核中!','21111','本田贸易',20,'2023-07-03 02:14:08'),(195,25,0,10,'评论正在审核中!','21111','本田贸易',20,'2023-07-03 02:14:08'),(196,25,0,10,'评论正在审核中!','21111','本田贸易',20,'2023-07-03 02:14:08'),(197,25,0,10,'评论正在审核中!','21111','本田贸易',20,'2023-07-03 02:14:08'),(198,25,0,10,'评论正在审核中!','21111','本田贸易',20,'2023-07-03 02:14:08'),(199,25,0,10,'评论正在审核中!','21111','本田贸易',20,'2023-07-03 02:14:08'),(200,25,0,10,'评论正在审核中!','21111','本田贸易',20,'2023-07-03 02:14:09'),(201,25,0,10,'评论正在审核中!','21111','本田贸易',20,'2023-07-03 02:14:09'),(202,25,0,10,'评论正在审核中!','21111','本田贸易',20,'2023-07-03 02:14:09'),(203,25,0,10,'评论正在审核中!','21111','本田贸易',20,'2023-07-03 02:14:09'),(204,25,0,10,'评论正在审核中!','21111','本田贸易',20,'2023-07-03 02:14:09'),(205,25,0,10,'评论正在审核中!','21111','本田贸易',20,'2023-07-03 02:14:09'),(206,25,0,10,'评论正在审核中!','21111','本田贸易',20,'2023-07-03 02:14:10'),(207,25,0,10,'评论正在审核中!','21111','本田贸易',20,'2023-07-03 02:14:10'),(208,25,0,10,'评论正在审核中!','21111','本田贸易',20,'2023-07-03 02:14:10'),(209,25,0,10,'评论正在审核中!','21111','本田贸易',20,'2023-07-03 02:14:10'),(210,25,0,10,'评论正在审核中!','21111','本田贸易',20,'2023-07-03 02:14:11'),(211,25,0,10,'评论正在审核中!','21111','本田贸易',20,'2023-07-03 02:14:11'),(212,25,0,10,'评论正在审核中!','21111','本田贸易',20,'2023-07-03 02:14:11'),(213,25,0,10,'评论正在审核中!','21111','本田贸易',20,'2023-07-03 02:14:11'),(214,25,0,10,'评论正在审核中!','21111','本田贸易',20,'2023-07-03 02:14:11'),(215,25,0,10,'评论正在审核中!','21111','本田贸易',20,'2023-07-03 02:14:11'),(216,25,0,10,'评论正在审核中!','21111','本田贸易',20,'2023-07-03 02:14:11'),(217,25,0,10,'评论正在审核中!','21111','本田贸易',20,'2023-07-03 02:14:11'),(218,25,0,10,'评论正在审核中!','21111','本田贸易',20,'2023-07-03 02:14:12'),(219,25,0,10,'评论正在审核中!','21111','本田贸易',20,'2023-07-03 02:14:12'),(220,25,0,10,'评论正在审核中!','21111','本田贸易',20,'2023-07-03 02:14:12'),(221,25,0,10,'评论正在审核中!','21111','本田贸易',20,'2023-07-03 02:14:12'),(222,25,0,10,'评论正在审核中!','21111','本田贸易',20,'2023-07-03 02:14:13'),(223,25,0,10,'评论正在审核中!','21111','本田贸易',20,'2023-07-03 02:14:13'),(224,25,0,10,'评论正在审核中!','21111\'','本田贸易',20,'2023-07-03 02:14:13'),(225,25,0,10,'评论正在审核中!','21111','本田贸易',20,'2023-07-03 02:14:14'),(226,25,0,10,'评论正在审核中!','21111\"','本田贸易',20,'2023-07-03 02:14:18'),(227,25,0,10,'评论正在审核中!','jhehvu2m7o','本田贸易',20,'2023-07-03 02:14:19'),(228,25,0,10,'评论正在审核中!','21111819vea8cp8','本田贸易',20,'2023-07-03 02:14:19'),(229,25,0,10,'评论正在审核中!','gk85y${390*844}og9nr','本田贸易',20,'2023-07-03 02:14:19'),(230,25,0,10,'评论正在审核中!','nujri{{352*928}}s7akd','本田贸易',20,'2023-07-03 02:14:19'),(231,25,0,10,'评论正在审核中!','21111}}kwzp2\'/\"<pgywo','本田贸易',20,'2023-07-03 02:14:19'),(232,25,0,10,'评论正在审核中!','21111%}wcnah\'/\"<vvpkr','本田贸易',20,'2023-07-03 02:14:19'),(233,25,0,10,'评论正在审核中!','21111lkoq0%>sqskg\'/\"<vsid2','本田贸易',20,'2023-07-03 02:14:20'),(234,25,0,10,'评论正在审核中!','21111|echo ggwrp8rqq9 2il2d2exd3||a #\' |echo ggwrp8rqq9 2il2d2exd3||a #|\" |echo ggwrp8rqq9 2il2d2exd3||a #','本田贸易',20,'2023-07-03 02:14:21'),(235,25,0,10,'评论正在审核中!','21111&echo gqr5gbos08 w5yhjffw3h&','本田贸易',20,'2023-07-03 02:14:21'),(236,25,0,10,'评论正在审核中!','21111\"|echo 1k08lf1p5f d9lobrf12z ||','本田贸易',20,'2023-07-03 02:14:22'),(237,25,0,10,'评论正在审核中!','21111\'|echo fy227ockp5 b4mpqtqv7j #xzwx','本田贸易',20,'2023-07-03 02:14:22'),(238,25,0,10,'评论正在审核中!','j14x3zrzvy)(objectClass=*','本田贸易',20,'2023-07-03 02:14:22'),(239,25,0,10,'评论正在审核中!','uyxawp8fby)(!(objectClass=*)','本田贸易',20,'2023-07-03 02:14:22'),(240,25,0,10,'评论正在审核中!','*)(objectClass=*','本田贸易',20,'2023-07-03 02:14:22'),(241,25,0,10,'评论正在审核中!','*)(!(objectClass=*)','本田贸易',20,'2023-07-03 02:14:22'),(242,25,0,10,'评论正在审核中!','21111]]>><','本田贸易',20,'2023-07-03 02:14:23'),(243,25,0,10,'评论正在审核中!','(function(){if(typeof j7h7l===\'undefined\'){var a=new Date();do{var b=new Date();}while(b-a<20000);j7h7l=1;}}())','本田贸易',20,'2023-07-03 02:14:23'),(244,25,0,10,'评论正在审核中!','21111','本田贸易',20,'2023-07-03 02:14:28'),(245,25,0,10,'评论正在审核中!','21111','本田贸易',20,'2023-07-03 02:14:44'),(246,25,0,10,'评论正在审核中!','21111','本田贸易',20,'2023-07-03 02:15:00'),(247,25,0,10,'评论正在审核中!','21111','本田贸易',20,'2023-07-03 02:15:00'),(248,25,0,10,'评论正在审核中!','21111','本田贸易',20,'2023-07-03 02:15:00'),(249,25,0,10,'评论正在审核中!','21111','本田贸易',20,'2023-07-03 02:15:01'),(250,25,0,10,'评论正在审核中!','21111','本田贸易',20,'2023-07-03 02:15:01'),(251,25,0,10,'评论正在审核中!','21111','本田贸易',20,'2023-07-03 02:15:01'),(252,25,0,10,'评论正在审核中!','21111','本田贸易',20,'2023-07-03 02:15:02'),(253,25,0,10,'评论正在审核中!','21111','本田贸易',20,'2023-07-03 02:15:02'),(254,25,0,10,'评论正在审核中!','21111','本田贸易',20,'2023-07-03 02:15:02'),(255,25,0,10,'评论正在审核中!','21111','本田贸易',20,'2023-07-03 02:15:02'),(256,25,0,10,'评论正在审核中!','21111','本田贸易',20,'2023-07-03 02:15:03'),(257,25,0,10,'评论正在审核中!','21111','本田贸易',20,'2023-07-03 02:15:03'),(258,25,0,10,'评论正在审核中!','21111','本田贸易',20,'2023-07-03 02:15:03'),(259,25,0,10,'评论正在审核中!','21111','本田贸易',20,'2023-07-03 02:15:03'),(260,25,0,10,'评论正在审核中!','21111','本田贸易',20,'2023-07-03 02:15:03'),(261,25,0,10,'评论正在审核中!','21111','本田贸易',20,'2023-07-03 02:15:03'),(262,25,0,10,'评论正在审核中!','21111','本田贸易',20,'2023-07-03 02:15:04'),(263,25,0,10,'评论正在审核中!','21111','本田贸易',20,'2023-07-03 02:15:04'),(264,25,0,10,'评论正在审核中!','21111','本田贸易',20,'2023-07-03 02:15:04'),(265,25,0,10,'评论正在审核中!','21111','本田贸易',20,'2023-07-03 02:15:04'),(266,25,0,10,'评论正在审核中!','21111','本田贸易',20,'2023-07-03 02:15:05'),(267,25,0,10,'评论正在审核中!','21111','本田贸易',20,'2023-07-03 02:15:05'),(268,25,0,10,'评论正在审核中!','21111','本田贸易',20,'2023-07-03 02:15:05'),(269,25,0,10,'评论正在审核中!','21111','本田贸易',20,'2023-07-03 02:15:05'),(270,25,0,10,'评论正在审核中!','21111','本田贸易',20,'2023-07-03 02:15:05'),(271,25,0,10,'评论正在审核中!','21111','本田贸易',20,'2023-07-03 02:15:05'),(272,25,0,10,'评论正在审核中!','21111','本田贸易',20,'2023-07-03 02:15:05'),(273,25,0,10,'评论正在审核中!','21111','本田贸易',20,'2023-07-03 02:15:06'),(274,25,0,10,'评论正在审核中!','21111','本田贸易',20,'2023-07-03 02:15:06'),(275,25,0,10,'评论正在审核中!','21111','本田贸易',20,'2023-07-03 02:15:06'),(276,25,0,10,'评论正在审核中!','21111','本田贸易',20,'2023-07-03 02:15:06'),(277,25,0,10,'评论正在审核中!','21111','本田贸易',20,'2023-07-03 02:15:07'),(278,25,0,10,'评论正在审核中!','21111','本田贸易',20,'2023-07-03 02:15:07'),(279,25,0,10,'评论正在审核中!','21111','本田贸易',20,'2023-07-03 02:15:07'),(280,25,0,10,'评论正在审核中!','21111','本田贸易',20,'2023-07-03 02:15:08'),(281,25,0,10,'评论正在审核中!','21111','本田贸易',20,'2023-07-03 02:15:08'),(282,25,0,10,'评论正在审核中!','21111','本田贸易',20,'2023-07-03 02:15:09'),(283,25,0,10,'评论正在审核中!','21111','本田贸易',20,'2023-07-03 02:15:09'),(284,25,0,10,'评论正在审核中!','21111','本田贸易',20,'2023-07-03 02:15:10'),(285,25,0,10,'评论正在审核中!','21111','本田贸易',20,'2023-07-03 02:15:11'),(286,25,0,10,'评论正在审核中!','21111','本田贸易',20,'2023-07-03 02:15:11'),(287,25,0,10,'评论正在审核中!','21111','本田贸易',20,'2023-07-03 02:15:11'),(288,25,0,10,'评论正在审核中!','21111','本田贸易',20,'2023-07-03 02:15:12'),(289,25,0,10,'评论正在审核中!','21111','本田贸易',20,'2023-07-03 02:15:12'),(290,25,0,10,'评论正在审核中!','21111','本田贸易',20,'2023-07-03 02:15:13'),(291,25,0,10,'评论正在审核中!','21111','本田贸易',20,'2023-07-03 02:15:13'),(292,25,0,10,'评论正在审核中!','21111','本田贸易',20,'2023-07-03 02:15:13'),(293,25,0,10,'评论正在审核中!','21111','本田贸易',20,'2023-07-03 02:15:14'),(294,25,0,10,'评论正在审核中!','21111','本田贸易',20,'2023-07-03 02:15:14'),(295,25,0,10,'评论正在审核中!','21111','本田贸易',20,'2023-07-03 02:15:14'),(296,25,0,10,'评论正在审核中!','21111','本田贸易',20,'2023-07-03 02:15:14'),(297,25,0,10,'评论正在审核中!','21111','本田贸易',20,'2023-07-03 02:15:14'),(298,25,0,10,'评论正在审核中!','21111','本田贸易',20,'2023-07-03 02:15:15'),(299,25,0,10,'评论正在审核中!','21111','本田贸易',20,'2023-07-03 02:15:15'),(300,25,0,10,'评论正在审核中!','21111','本田贸易',20,'2023-07-03 02:15:15'),(301,25,0,10,'评论正在审核中!','21111','本田贸易',20,'2023-07-03 02:15:15'),(302,25,0,10,'评论正在审核中!','21111','本田贸易',20,'2023-07-03 02:15:15'),(303,25,0,10,'评论正在审核中!','21111','本田贸易',20,'2023-07-03 02:15:16'),(304,25,0,10,'评论正在审核中!','21111','本田贸易',20,'2023-07-03 02:15:16'),(305,25,0,10,'评论正在审核中!','21111','本田贸易',20,'2023-07-03 02:15:16'),(306,25,0,10,'评论正在审核中!','21111','本田贸易',20,'2023-07-03 02:15:16'),(307,25,0,10,'评论正在审核中!','21111','本田贸易',20,'2023-07-03 02:15:17'),(308,25,0,10,'评论正在审核中!','21111','本田贸易',20,'2023-07-03 02:15:17'),(309,25,0,10,'评论正在审核中!','21111','本田贸易',20,'2023-07-03 02:15:17'),(310,25,0,10,'评论正在审核中!','21111','本田贸易',20,'2023-07-03 02:15:17'),(311,25,0,10,'评论正在审核中!','21111','本田贸易',20,'2023-07-03 02:15:17'),(312,25,0,10,'评论正在审核中!','21111','本田贸易',20,'2023-07-03 02:15:17'),(313,25,0,10,'评论正在审核中!','21111','本田贸易',20,'2023-07-03 02:15:18'),(314,25,0,10,'评论正在审核中!','21111','本田贸易',20,'2023-07-03 02:15:18'),(315,25,0,10,'评论正在审核中!','21111','本田贸易',20,'2023-07-03 02:15:18'),(316,25,0,10,'评论正在审核中!','21111','本田贸易',20,'2023-07-03 02:15:19'),(317,25,0,10,'评论正在审核中!','21111','本田贸易',20,'2023-07-03 02:15:20'),(318,25,0,10,'评论正在审核中!','21111','本田贸易',20,'2023-07-03 02:15:20'),(319,25,0,10,'评论正在审核中!','21111','本田贸易',20,'2023-07-03 02:15:20'),(320,25,0,10,'评论正在审核中!','21111','本田贸易',20,'2023-07-03 02:15:20'),(321,25,0,10,'评论正在审核中!','21111','本田贸易',20,'2023-07-03 02:15:21'),(322,25,0,10,'评论正在审核中!','21111','本田贸易',20,'2023-07-03 02:15:21'),(323,25,0,10,'评论正在审核中!','21111','本田贸易',20,'2023-07-03 02:15:22'),(324,25,0,10,'评论正在审核中!','21111','本田贸易',20,'2023-07-03 02:15:22'),(325,25,0,10,'评论正在审核中!','21111','本田贸易',20,'2023-07-03 02:15:22'),(326,25,0,10,'评论正在审核中!','21111','本田贸易',20,'2023-07-03 02:15:22'),(327,25,0,10,'评论正在审核中!','21111','本田贸易',20,'2023-07-03 02:15:22'),(328,25,0,10,'评论正在审核中!','21111','本田贸易',20,'2023-07-03 02:15:23'),(329,25,0,10,'评论正在审核中!','21111','本田贸易',20,'2023-07-03 02:15:23'),(330,25,0,10,'评论正在审核中!','21111','本田贸易',20,'2023-07-03 02:15:23'),(331,25,0,10,'评论正在审核中!','21111','本田贸易',20,'2023-07-03 02:15:23'),(332,25,0,10,'评论正在审核中!','21111','本田贸易',20,'2023-07-03 02:15:23'),(333,25,0,10,'评论正在审核中!','21111','本田贸易',20,'2023-07-03 02:15:23'),(334,25,0,10,'评论正在审核中!','21111','本田贸易',20,'2023-07-03 02:15:24'),(335,25,0,10,'评论正在审核中!','21111','本田贸易',20,'2023-07-03 02:15:24'),(336,25,0,10,'评论正在审核中!','21111','本田贸易',20,'2023-07-03 02:15:25'),(337,25,0,10,'评论正在审核中!','21111','本田贸易',20,'2023-07-03 02:15:25'),(338,25,0,10,'评论正在审核中!','21111','本田贸易',20,'2023-07-03 02:15:25'),(339,25,0,10,'评论正在审核中!','21111','本田贸易',20,'2023-07-03 02:15:25'),(340,25,0,10,'评论正在审核中!','21111','本田贸易',20,'2023-07-03 02:15:25'),(341,25,0,10,'评论正在审核中!','21111','本田贸易',20,'2023-07-03 02:15:26'),(342,25,0,10,'评论正在审核中!','21111','本田贸易',20,'2023-07-03 02:15:26'),(343,25,0,10,'评论正在审核中!','21111','本田贸易',20,'2023-07-03 02:15:26'),(344,25,0,10,'评论正在审核中!','21111','本田贸易',20,'2023-07-03 02:15:26'),(345,25,0,10,'评论正在审核中!','21111','本田贸易',20,'2023-07-03 02:15:26'),(346,25,0,10,'评论正在审核中!','21111','本田贸易',20,'2023-07-03 02:15:27'),(347,25,0,10,'评论正在审核中!','21111','本田贸易',20,'2023-07-03 02:15:27'),(348,25,0,10,'评论正在审核中!','21111','本田贸易',20,'2023-07-03 02:15:28'),(349,25,0,10,'评论正在审核中!','21111','本田贸易',20,'2023-07-03 02:15:28'),(350,25,0,10,'评论正在审核中!','21111','本田贸易',20,'2023-07-03 02:15:29'),(351,25,0,10,'评论正在审核中!','21111','本田贸易',20,'2023-07-03 02:15:29'),(352,25,0,10,'评论正在审核中!','21111','本田贸易',20,'2023-07-03 02:15:29'),(353,25,0,10,'评论正在审核中!','21111','本田贸易',20,'2023-07-03 02:15:30'),(354,25,0,10,'评论正在审核中!','21111','本田贸易',20,'2023-07-03 02:15:30'),(355,25,0,10,'评论正在审核中!','21111','本田贸易',20,'2023-07-03 02:15:31'),(356,25,0,10,'评论正在审核中!','21111','本田贸易',20,'2023-07-03 02:15:31'),(357,25,0,10,'评论正在审核中!','21111','本田贸易',20,'2023-07-03 02:15:31'),(358,25,0,10,'评论正在审核中!','21111','本田贸易',20,'2023-07-03 02:15:31'),(359,25,0,10,'评论正在审核中!','21111','本田贸易',20,'2023-07-03 02:15:31'),(360,25,0,10,'评论正在审核中!','21111','本田贸易',20,'2023-07-03 02:15:31'),(361,25,0,10,'评论正在审核中!','21111','本田贸易',20,'2023-07-03 02:15:31'),(362,25,0,10,'评论正在审核中!','21111','本田贸易',20,'2023-07-03 02:15:32'),(363,25,0,10,'评论正在审核中!','21111','本田贸易',20,'2023-07-03 02:15:32'),(364,25,0,10,'评论正在审核中!','21111','本田贸易',20,'2023-07-03 02:15:32'),(365,25,0,10,'评论正在审核中!','21111','本田贸易',20,'2023-07-03 02:15:32'),(366,25,0,10,'评论正在审核中!','21111','本田贸易',20,'2023-07-03 02:15:32'),(367,25,0,10,'评论正在审核中!','21111','本田贸易',20,'2023-07-03 02:15:33'),(368,25,0,10,'评论正在审核中!','21111','本田贸易',20,'2023-07-03 02:15:33'),(369,25,0,10,'评论正在审核中!','21111','本田贸易',20,'2023-07-03 02:15:33'),(370,25,0,10,'评论正在审核中!','21111','本田贸易',20,'2023-07-03 02:15:34'),(371,25,0,10,'评论正在审核中!','21111','本田贸易',20,'2023-07-03 02:15:34'),(372,25,0,10,'评论正在审核中!','21111','本田贸易',20,'2023-07-03 02:15:34'),(373,25,0,10,'评论正在审核中!','21111','本田贸易',20,'2023-07-03 02:15:34'),(374,25,0,10,'评论正在审核中!','21111','本田贸易',20,'2023-07-03 02:15:34'),(375,25,0,10,'评论正在审核中!','21111','本田贸易',20,'2023-07-03 02:15:34'),(376,25,0,10,'评论正在审核中!','21111','本田贸易',20,'2023-07-03 02:15:34'),(377,25,0,10,'评论正在审核中!','21111','本田贸易',20,'2023-07-03 02:15:35'),(378,25,0,10,'评论正在审核中!','21111','本田贸易',20,'2023-07-03 02:15:35'),(379,25,0,10,'评论正在审核中!','21111','本田贸易',20,'2023-07-03 02:15:36'),(380,25,0,10,'评论正在审核中!','21111','本田贸易',20,'2023-07-03 02:15:36'),(381,25,0,10,'评论正在审核中!','21111','本田贸易',20,'2023-07-03 02:15:37'),(382,25,0,10,'评论正在审核中!','21111','本田贸易',20,'2023-07-03 02:15:40'),(383,25,0,10,'评论正在审核中!','21111','本田贸易',20,'2023-07-03 02:15:40'),(384,25,0,10,'评论正在审核中!','21111','本田贸易',20,'2023-07-03 02:15:41'),(385,25,0,10,'评论正在审核中!','21111','本田贸易',20,'2023-07-03 02:15:41'),(386,25,0,10,'评论正在审核中!','21111','本田贸易',20,'2023-07-03 02:15:42'),(387,25,0,10,'评论正在审核中!','21111','本田贸易',20,'2023-07-03 02:15:42'),(388,25,0,10,'评论正在审核中!','21111','本田贸易',20,'2023-07-03 02:15:42'),(389,25,0,10,'评论正在审核中!','21111','本田贸易',20,'2023-07-03 02:15:42'),(390,25,0,10,'评论正在审核中!','21111','本田贸易',20,'2023-07-03 02:15:43'),(391,25,0,10,'评论正在审核中!','21111','本田贸易',20,'2023-07-03 02:15:43'),(392,25,0,10,'评论正在审核中!','21111','本田贸易',20,'2023-07-03 02:15:53'),(393,25,0,10,'评论正在审核中!','21111','本田贸易',20,'2023-07-03 02:15:54'),(394,25,0,10,'评论正在审核中!','21111','本田贸易',20,'2023-07-03 02:15:54'),(395,25,0,10,'评论正在审核中!','21111','本田贸易',20,'2023-07-03 02:15:54'),(396,25,0,10,'评论正在审核中!','21111','本田贸易',20,'2023-07-03 02:15:55'),(397,25,0,10,'评论正在审核中!','21111','本田贸易',20,'2023-07-03 02:15:55'),(398,25,0,10,'评论正在审核中!','21111','本田贸易',20,'2023-07-03 02:15:55'),(399,25,0,10,'评论正在审核中!','21111','本田贸易',20,'2023-07-03 02:15:55'),(400,25,0,10,'评论正在审核中!','21111','本田贸易',20,'2023-07-03 02:15:55'),(401,25,0,10,'评论正在审核中!','21111','本田贸易',20,'2023-07-03 02:15:56'),(402,25,0,10,'评论正在审核中!','21111','本田贸易',20,'2023-07-03 02:15:56'),(403,25,0,10,'评论正在审核中!','21111','本田贸易',20,'2023-07-03 02:15:56'),(404,25,0,10,'评论正在审核中!','21111','本田贸易',20,'2023-07-03 02:15:58'),(405,25,0,10,'评论正在审核中!','21111','本田贸易',20,'2023-07-03 02:15:58'),(406,25,0,10,'评论正在审核中!','21111','本田贸易',20,'2023-07-03 02:15:59'),(407,25,0,10,'评论正在审核中!','21111','本田贸易',20,'2023-07-03 02:15:59'),(408,25,0,10,'评论正在审核中!','21111','本田贸易',20,'2023-07-03 02:16:00'),(409,25,0,10,'评论正在审核中!','21111','本田贸易',20,'2023-07-03 02:16:00'),(410,25,0,10,'评论正在审核中!','21111','本田贸易',20,'2023-07-03 02:16:01'),(411,25,0,10,'评论正在审核中!','21111','本田贸易',20,'2023-07-03 02:16:01'),(412,25,0,10,'评论正在审核中!','21111','本田贸易',20,'2023-07-03 02:16:01'),(413,25,0,10,'评论正在审核中!','21111','本田贸易',20,'2023-07-03 02:16:02'),(414,25,0,10,'评论正在审核中!','21111','本田贸易',20,'2023-07-03 02:16:02'),(415,25,0,10,'评论正在审核中!','21111','本田贸易',20,'2023-07-03 02:16:02'),(416,25,0,10,'评论正在审核中!','21111','本田贸易',20,'2023-07-03 02:16:02'),(417,25,0,10,'评论正在审核中!','21111','本田贸易',20,'2023-07-03 02:16:02'),(418,25,0,10,'评论正在审核中!','21111','本田贸易',20,'2023-07-03 02:16:02'),(419,25,0,10,'评论正在审核中!','21111','本田贸易',20,'2023-07-03 02:16:03'),(420,25,0,10,'评论正在审核中!','21111','本田贸易',20,'2023-07-03 02:16:03'),(421,25,0,10,'评论正在审核中!','21111','本田贸易',20,'2023-07-03 02:16:03'),(422,25,0,10,'评论正在审核中!','21111','本田贸易',20,'2023-07-03 02:16:04'),(423,25,0,10,'评论正在审核中!','21111','本田贸易',20,'2023-07-03 02:16:05'),(424,25,0,10,'评论正在审核中!','21111','本田贸易',20,'2023-07-03 02:16:05'),(425,25,0,10,'评论正在审核中!','21111','本田贸易',20,'2023-07-03 02:16:05'),(426,25,0,10,'评论正在审核中!','21111','本田贸易',20,'2023-07-03 02:16:05'),(427,25,0,10,'评论正在审核中!','21111','本田贸易',20,'2023-07-03 02:16:05'),(428,25,0,10,'评论正在审核中!','21111','本田贸易',20,'2023-07-03 02:16:05'),(429,25,0,10,'评论正在审核中!','21111','本田贸易',20,'2023-07-03 02:16:05'),(430,25,0,10,'评论正在审核中!','21111','本田贸易',20,'2023-07-03 02:16:06'),(431,25,0,10,'评论正在审核中!','21111','本田贸易',20,'2023-07-03 02:16:06'),(432,25,0,10,'评论正在审核中!','21111','本田贸易',20,'2023-07-03 02:16:06'),(433,25,0,10,'评论正在审核中!','21111','本田贸易',20,'2023-07-03 02:16:06'),(434,25,0,10,'评论正在审核中!','21111','本田贸易',20,'2023-07-03 02:16:07'),(435,25,0,10,'评论正在审核中!','21111','本田贸易',20,'2023-07-03 02:16:07'),(436,25,0,10,'评论正在审核中!','21111','本田贸易',20,'2023-07-03 02:16:07'),(437,25,0,10,'评论正在审核中!','21111','本田贸易',20,'2023-07-03 02:16:07'),(438,25,0,10,'评论正在审核中!','21111','本田贸易',20,'2023-07-03 02:16:08'),(439,25,0,10,'评论正在审核中!','21111','本田贸易',20,'2023-07-03 02:16:08'),(440,25,0,10,'评论正在审核中!','21111','本田贸易',20,'2023-07-03 02:16:08'),(441,25,0,10,'评论正在审核中!','21111','本田贸易',20,'2023-07-03 02:16:08'),(442,25,0,10,'评论正在审核中!','21111','本田贸易',20,'2023-07-03 02:16:08'),(443,25,0,10,'评论正在审核中!','21111','本田贸易',20,'2023-07-03 02:16:09'),(444,25,0,10,'评论正在审核中!','21111','本田贸易',20,'2023-07-03 02:16:10'),(445,25,0,10,'评论正在审核中!','21111','本田贸易',20,'2023-07-03 02:16:11'),(446,25,0,10,'评论正在审核中!','21111','本田贸易',20,'2023-07-03 02:16:11'),(447,25,0,10,'评论正在审核中!','21111','本田贸易',20,'2023-07-03 02:16:12'),(448,25,0,10,'评论正在审核中!','21111','本田贸易',20,'2023-07-03 02:16:12'),(449,25,0,10,'评论正在审核中!','21111','本田贸易',20,'2023-07-03 02:16:12'),(450,25,0,10,'评论正在审核中!','21111','本田贸易',20,'2023-07-03 02:16:12'),(451,25,0,10,'评论正在审核中!','21111','本田贸易',20,'2023-07-03 02:16:13'),(452,25,0,10,'评论正在审核中!','21111','本田贸易',20,'2023-07-03 02:16:13'),(453,25,0,10,'评论正在审核中!','21111','本田贸易',20,'2023-07-03 02:16:13'),(454,25,0,10,'评论正在审核中!','21111','本田贸易',20,'2023-07-03 02:16:13'),(455,25,0,10,'评论正在审核中!','21111','本田贸易',20,'2023-07-03 02:16:13'),(456,25,0,10,'评论正在审核中!','21111','本田贸易',20,'2023-07-03 02:16:13'),(457,25,0,10,'评论正在审核中!','21111','本田贸易',20,'2023-07-03 02:16:13'),(458,25,0,10,'评论正在审核中!','21111','本田贸易',20,'2023-07-03 02:16:13'),(459,25,0,10,'评论正在审核中!','21111','本田贸易',20,'2023-07-03 02:16:14'),(460,25,0,10,'评论正在审核中!','21111','本田贸易',20,'2023-07-03 02:16:14'),(461,25,0,10,'评论正在审核中!','21111','本田贸易',20,'2023-07-03 02:16:14'),(462,25,0,10,'评论正在审核中!','21111','本田贸易',20,'2023-07-03 02:16:15'),(463,25,0,10,'评论正在审核中!','21111','本田贸易',20,'2023-07-03 02:16:15'),(464,25,0,10,'评论正在审核中!','21111','本田贸易',20,'2023-07-03 02:16:15'),(465,25,0,10,'评论正在审核中!','21111','本田贸易',20,'2023-07-03 02:16:15'),(466,25,0,10,'评论正在审核中!','21111','本田贸易',20,'2023-07-03 02:16:15'),(467,25,0,10,'评论正在审核中!','21111','本田贸易',20,'2023-07-03 02:16:15'),(468,25,0,10,'评论正在审核中!','21111','本田贸易',20,'2023-07-03 02:16:15'),(469,25,0,10,'评论正在审核中!','21111','本田贸易',20,'2023-07-03 02:16:16'),(470,25,0,10,'评论正在审核中!','21111','本田贸易',20,'2023-07-03 02:16:16'),(471,25,0,10,'评论正在审核中!','21111','本田贸易',20,'2023-07-03 02:16:16'),(472,25,0,10,'评论正在审核中!','21111','本田贸易',20,'2023-07-03 02:16:16'),(473,25,0,10,'评论正在审核中!','21111','本田贸易',20,'2023-07-03 02:16:17'),(474,25,0,10,'评论正在审核中!','21111','本田贸易',20,'2023-07-03 02:16:18'),(475,25,0,10,'评论正在审核中!','21111','本田贸易',20,'2023-07-03 02:16:18'),(476,25,0,10,'评论正在审核中!','21111','本田贸易',20,'2023-07-03 02:16:19'),(477,25,0,10,'评论正在审核中!','21111','本田贸易',20,'2023-07-03 02:16:19'),(478,25,0,10,'评论正在审核中!','21111','本田贸易',20,'2023-07-03 02:16:19'),(479,25,0,10,'评论正在审核中!','21111','本田贸易',20,'2023-07-03 02:16:20'),(480,25,0,10,'评论正在审核中!','21111','本田贸易',20,'2023-07-03 02:16:20'),(481,25,0,10,'评论正在审核中!','21111','本田贸易',20,'2023-07-03 02:16:20'),(482,25,0,10,'评论正在审核中!','21111','本田贸易',20,'2023-07-03 02:16:20'),(483,25,0,10,'评论正在审核中!','21111','本田贸易',20,'2023-07-03 02:16:20'),(484,25,0,10,'评论正在审核中!','21111','本田贸易',20,'2023-07-03 02:16:20'),(485,25,0,10,'评论正在审核中!','21111','本田贸易',20,'2023-07-03 02:16:21'),(486,25,0,10,'评论正在审核中!','21111','本田贸易',20,'2023-07-03 02:16:21'),(487,25,0,10,'评论正在审核中!','21111','本田贸易',20,'2023-07-03 02:16:21'),(488,25,0,10,'评论正在审核中!','21111','本田贸易',20,'2023-07-03 02:16:21'),(489,25,0,10,'评论正在审核中!','21111','本田贸易',20,'2023-07-03 02:16:21'),(490,25,0,10,'评论正在审核中!','21111','本田贸易',20,'2023-07-03 02:16:21'),(491,25,0,10,'评论正在审核中!','21111','本田贸易',20,'2023-07-03 02:16:21'),(492,25,0,10,'评论正在审核中!','21111','本田贸易',20,'2023-07-03 02:16:22'),(493,25,0,10,'评论正在审核中!','21111','本田贸易',20,'2023-07-03 02:16:22'),(494,25,0,10,'评论正在审核中!','21111','本田贸易',20,'2023-07-03 02:16:23'),(495,25,0,10,'评论正在审核中!','21111','本田贸易',20,'2023-07-03 02:16:23'),(496,25,0,10,'评论正在审核中!','21111','本田贸易',20,'2023-07-03 02:16:23'),(497,25,0,10,'评论正在审核中!','21111','本田贸易',20,'2023-07-03 02:16:23'),(498,25,0,10,'评论正在审核中!','21111','本田贸易',20,'2023-07-03 02:16:23'),(499,25,0,10,'评论正在审核中!','21111','本田贸易',20,'2023-07-03 02:16:23'),(500,25,0,10,'评论正在审核中!','21111','本田贸易',20,'2023-07-03 02:16:23'),(501,25,0,10,'评论正在审核中!','21111','本田贸易',20,'2023-07-03 02:16:24'),(502,25,0,10,'评论正在审核中!','21111','本田贸易',20,'2023-07-03 02:16:24'),(503,25,0,10,'评论正在审核中!','21111','本田贸易',20,'2023-07-03 02:16:24'),(504,25,0,10,'评论正在审核中!','21111','本田贸易',20,'2023-07-03 02:16:25'),(505,25,0,10,'评论正在审核中!','21111','本田贸易',20,'2023-07-03 02:16:25'),(506,25,0,10,'评论正在审核中!','21111','本田贸易',20,'2023-07-03 02:16:25'),(507,25,0,10,'评论正在审核中!','21111','本田贸易',20,'2023-07-03 02:16:25'),(508,25,0,10,'评论正在审核中!','21111','本田贸易',20,'2023-07-03 02:16:25'),(509,25,0,10,'评论正在审核中!','21111','本田贸易',20,'2023-07-03 02:16:26'),(510,25,0,10,'评论正在审核中!','21111','本田贸易',20,'2023-07-03 02:16:26'),(511,25,0,10,'评论正在审核中!','21111','本田贸易',20,'2023-07-03 02:16:26'),(512,25,0,10,'评论正在审核中!','21111','本田贸易',20,'2023-07-03 02:16:28'),(513,25,0,10,'评论正在审核中!','21111','本田贸易',20,'2023-07-03 02:16:28'),(514,25,0,10,'评论正在审核中!','21111','本田贸易',20,'2023-07-03 02:16:31'),(515,25,0,10,'评论正在审核中!','21111','本田贸易',20,'2023-07-03 02:16:31'),(516,25,0,10,'评论正在审核中!','21111','本田贸易',20,'2023-07-03 02:16:31'),(517,25,0,10,'评论正在审核中!','21111','本田贸易',20,'2023-07-03 02:16:31'),(518,25,0,10,'评论正在审核中!','21111','本田贸易',20,'2023-07-03 02:16:32'),(519,25,0,10,'评论正在审核中!','21111','本田贸易',20,'2023-07-03 02:16:32'),(520,25,0,10,'评论正在审核中!','21111','本田贸易',20,'2023-07-03 02:16:32'),(521,25,0,10,'评论正在审核中!','21111','本田贸易',20,'2023-07-03 02:16:32'),(522,25,0,10,'评论正在审核中!','21111','本田贸易',20,'2023-07-03 02:16:32'),(523,25,0,10,'评论正在审核中!','21111','本田贸易',20,'2023-07-03 02:16:32'),(524,25,0,10,'评论正在审核中!','21111','本田贸易',20,'2023-07-03 02:16:33'),(525,25,0,10,'评论正在审核中!','21111','本田贸易',20,'2023-07-03 02:16:33'),(526,25,0,10,'评论正在审核中!','21111','本田贸易',20,'2023-07-03 02:16:33'),(527,25,0,10,'评论正在审核中!','21111','本田贸易',20,'2023-07-03 02:16:34'),(528,25,0,10,'评论正在审核中!','21111','本田贸易',20,'2023-07-03 02:16:34'),(529,25,0,10,'评论正在审核中!','21111','本田贸易',20,'2023-07-03 02:16:34'),(530,25,0,10,'评论正在审核中!','21111','本田贸易',20,'2023-07-03 02:16:34'),(531,25,0,10,'评论正在审核中!','21111','本田贸易',20,'2023-07-03 02:16:35'),(532,25,0,10,'评论正在审核中!','21111','本田贸易',20,'2023-07-03 02:16:45'),(533,25,0,10,'评论正在审核中!','21111','本田贸易',20,'2023-07-03 02:16:45'),(534,25,0,10,'评论正在审核中!','21111','本田贸易',20,'2023-07-03 02:16:46'),(535,25,0,10,'评论正在审核中!','21111','本田贸易',20,'2023-07-03 02:16:47'),(536,25,0,10,'评论正在审核中!','21111','本田贸易',20,'2023-07-03 02:16:48'),(537,25,0,10,'评论正在审核中!','21111','本田贸易',20,'2023-07-03 02:16:48'),(538,25,0,10,'评论正在审核中!','21111','本田贸易',20,'2023-07-03 02:16:49'),(539,25,0,10,'评论正在审核中!','21111','本田贸易',20,'2023-07-03 02:16:49'),(540,25,0,10,'评论正在审核中!','21111','本田贸易',20,'2023-07-03 02:16:50'),(541,25,0,10,'评论正在审核中!','21111','本田贸易',20,'2023-07-03 02:16:50'),(542,25,0,10,'评论正在审核中!','21111','本田贸易',20,'2023-07-03 02:16:50'),(543,25,0,10,'评论正在审核中!','21111','本田贸易',20,'2023-07-03 02:16:51'),(544,25,0,10,'评论正在审核中!','21111','本田贸易',20,'2023-07-03 02:16:51'),(545,25,0,10,'评论正在审核中!','21111','本田贸易',20,'2023-07-03 02:16:51'),(546,25,0,10,'评论正在审核中!','21111','本田贸易',20,'2023-07-03 02:16:51'),(547,25,0,10,'评论正在审核中!','21111','本田贸易',20,'2023-07-03 02:16:51'),(548,25,0,10,'评论正在审核中!','21111','本田贸易',20,'2023-07-03 02:16:51'),(549,25,0,10,'评论正在审核中!','21111','本田贸易',20,'2023-07-03 02:16:52'),(550,25,0,10,'评论正在审核中!','21111','本田贸易',20,'2023-07-03 02:16:52'),(551,25,0,10,'评论正在审核中!','21111','本田贸易',20,'2023-07-03 02:16:52'),(552,25,0,10,'评论正在审核中!','21111','本田贸易',20,'2023-07-03 02:16:52'),(553,25,0,10,'评论正在审核中!','21111','本田贸易',20,'2023-07-03 02:16:52'),(554,25,0,10,'评论正在审核中!','21111','本田贸易',20,'2023-07-03 02:16:53'),(555,25,0,10,'评论正在审核中!','21111','本田贸易',20,'2023-07-03 02:16:53'),(556,25,0,10,'评论正在审核中!','21111','本田贸易',20,'2023-07-03 02:16:54'),(557,25,0,10,'评论正在审核中!','21111','本田贸易',20,'2023-07-03 02:16:54'),(558,25,0,10,'评论正在审核中!','21111','本田贸易',20,'2023-07-03 02:16:54'),(559,25,0,10,'评论正在审核中!','21111','本田贸易',20,'2023-07-03 02:16:54'),(560,25,0,10,'评论正在审核中!','21111','本田贸易',20,'2023-07-03 02:16:54'),(561,25,0,10,'评论正在审核中!','21111','本田贸易',20,'2023-07-03 02:16:54'),(562,25,0,10,'评论正在审核中!','21111','本田贸易',20,'2023-07-03 02:16:55'),(563,25,0,10,'评论正在审核中!','21111','本田贸易',20,'2023-07-03 02:16:55'),(564,25,0,10,'评论正在审核中!','21111','本田贸易',20,'2023-07-03 02:16:56'),(565,25,0,10,'评论正在审核中!','21111','本田贸易',20,'2023-07-03 02:17:07'),(566,25,0,10,'评论正在审核中!','21111','本田贸易',20,'2023-07-03 02:17:07'),(567,25,0,10,'评论正在审核中!','21111','本田贸易',20,'2023-07-03 02:17:07'),(568,25,0,10,'评论正在审核中!','21111','本田贸易',20,'2023-07-03 02:17:07'),(569,25,0,10,'评论正在审核中!','21111','本田贸易',20,'2023-07-03 02:17:08'),(570,25,0,10,'评论正在审核中!','21111','本田贸易',20,'2023-07-03 02:17:08'),(571,25,0,10,'评论正在审核中!','21111','本田贸易',20,'2023-07-03 02:17:10'),(572,25,0,10,'评论正在审核中!','21111','本田贸易',20,'2023-07-03 02:17:10'),(573,25,0,10,'评论正在审核中!','21111','本田贸易',20,'2023-07-03 02:17:13'),(574,25,0,10,'评论正在审核中!','21111','本田贸易',20,'2023-07-03 02:17:14'),(575,25,0,10,'评论正在审核中!','21111','本田贸易',20,'2023-07-03 02:17:15'),(576,25,0,10,'评论正在审核中!','21111','本田贸易',20,'2023-07-03 02:17:15'),(577,25,0,10,'评论正在审核中!','21111','本田贸易',20,'2023-07-03 02:17:16'),(578,25,0,10,'评论正在审核中!','21111','本田贸易',20,'2023-07-03 02:17:16'),(579,25,0,10,'评论正在审核中!','21111','本田贸易',20,'2023-07-03 02:17:16'),(580,25,0,10,'评论正在审核中!','21111','本田贸易',20,'2023-07-03 02:17:16'),(581,25,0,10,'评论正在审核中!','21111','本田贸易',20,'2023-07-03 02:17:16'),(582,25,0,10,'评论正在审核中!','21111','本田贸易',20,'2023-07-03 02:17:16'),(583,25,0,10,'评论正在审核中!','21111','本田贸易',20,'2023-07-03 02:17:17'),(584,25,0,10,'评论正在审核中!','21111','本田贸易',20,'2023-07-03 02:17:17'),(585,25,0,10,'评论正在审核中!','21111','本田贸易',20,'2023-07-03 02:17:17'),(586,25,0,10,'评论正在审核中!','21111','本田贸易',20,'2023-07-03 02:17:18'),(587,25,0,10,'评论正在审核中!','21111','本田贸易',20,'2023-07-03 02:17:18'),(588,25,0,10,'评论正在审核中!','21111','本田贸易',20,'2023-07-03 02:17:18'),(589,25,0,10,'评论正在审核中!','21111','本田贸易',20,'2023-07-03 02:17:18'),(590,25,0,10,'评论正在审核中!','21111','本田贸易',20,'2023-07-03 02:17:19'),(591,25,0,10,'评论正在审核中!','21111','本田贸易',20,'2023-07-03 02:17:19'),(592,25,0,10,'评论正在审核中!','21111','本田贸易',20,'2023-07-03 02:17:19'),(593,25,0,10,'评论正在审核中!','21111','本田贸易',20,'2023-07-03 02:17:19'),(594,25,0,10,'评论正在审核中!','21111','本田贸易',20,'2023-07-03 02:17:19'),(595,25,0,10,'评论正在审核中!','21111','本田贸易',20,'2023-07-03 02:17:19'),(596,25,0,10,'评论正在审核中!','21111','本田贸易',20,'2023-07-03 02:17:20'),(597,25,0,10,'评论正在审核中!','21111','本田贸易',20,'2023-07-03 02:17:21'),(598,25,0,10,'评论正在审核中!','21111','本田贸易',20,'2023-07-03 02:17:21'),(599,25,0,10,'评论正在审核中!','21111','本田贸易',20,'2023-07-03 02:17:22'),(600,25,0,10,'评论正在审核中!','21111','本田贸易',20,'2023-07-03 02:17:22'),(601,25,0,10,'评论正在审核中!','21111','本田贸易',20,'2023-07-03 02:17:23'),(602,25,0,10,'评论正在审核中!','21111','本田贸易',20,'2023-07-03 02:17:23'),(603,25,0,10,'评论正在审核中!','21111','本田贸易',20,'2023-07-03 02:17:23'),(604,25,0,10,'评论正在审核中!','21111','本田贸易',20,'2023-07-03 02:17:24'),(605,25,0,10,'评论正在审核中!','21111','本田贸易',20,'2023-07-03 02:17:24'),(606,25,0,10,'评论正在审核中!','21111','本田贸易',20,'2023-07-03 02:17:24'),(607,25,0,10,'评论正在审核中!','21111','本田贸易',20,'2023-07-03 02:17:24'),(608,25,0,10,'评论正在审核中!','21111','本田贸易',20,'2023-07-03 02:17:24'),(609,25,0,10,'评论正在审核中!','21111','本田贸易',20,'2023-07-03 02:17:24'),(610,25,0,10,'评论正在审核中!','21111','本田贸易',20,'2023-07-03 02:17:25'),(611,25,0,10,'评论正在审核中!','21111','本田贸易',20,'2023-07-03 02:17:25'),(612,25,0,10,'评论正在审核中!','21111','本田贸易',20,'2023-07-03 02:17:25'),(613,25,0,10,'评论正在审核中!','21111','本田贸易',20,'2023-07-03 02:17:25'),(614,25,0,10,'评论正在审核中!','21111','本田贸易',20,'2023-07-03 02:17:25'),(615,25,0,10,'评论正在审核中!','21111','本田贸易',20,'2023-07-03 02:17:26'),(616,25,0,10,'评论正在审核中!','21111','本田贸易',20,'2023-07-03 02:17:26'),(617,25,0,10,'评论正在审核中!','21111','本田贸易',20,'2023-07-03 02:17:27'),(618,25,0,10,'评论正在审核中!','21111','本田贸易',20,'2023-07-03 02:17:27'),(619,25,0,10,'评论正在审核中!','21111','本田贸易',20,'2023-07-03 02:17:27'),(620,25,0,10,'评论正在审核中!','21111','本田贸易',20,'2023-07-03 02:17:27'),(621,25,0,10,'评论正在审核中!','21111','本田贸易',20,'2023-07-03 02:17:27'),(622,25,0,10,'评论正在审核中!','21111','本田贸易',20,'2023-07-03 02:17:27'),(623,25,0,10,'评论正在审核中!','21111','本田贸易',20,'2023-07-03 02:17:28'),(624,25,0,10,'评论正在审核中!','21111','本田贸易',20,'2023-07-03 02:17:28'),(625,25,0,10,'评论正在审核中!','21111','本田贸易',20,'2023-07-03 02:17:28'),(626,25,0,10,'评论正在审核中!','21111','本田贸易',20,'2023-07-03 02:17:28'),(627,25,0,10,'评论正在审核中!','21111','本田贸易',20,'2023-07-03 02:17:29'),(628,25,0,10,'评论正在审核中!','21111','本田贸易',20,'2023-07-03 02:17:30'),(629,25,0,10,'评论正在审核中!','21111','本田贸易',20,'2023-07-03 02:17:32'),(630,25,0,10,'评论正在审核中!','21111','本田贸易',20,'2023-07-03 02:17:32'),(631,25,0,10,'评论正在审核中!','21111','本田贸易',20,'2023-07-03 02:17:33'),(632,25,0,10,'评论正在审核中!','21111','本田贸易',20,'2023-07-03 02:17:33'),(633,25,0,10,'评论正在审核中!','21111','本田贸易',20,'2023-07-03 02:17:33'),(634,25,0,10,'评论正在审核中!','21111','本田贸易',20,'2023-07-03 02:17:33'),(635,25,0,10,'评论正在审核中!','21111','本田贸易',20,'2023-07-03 02:17:33'),(636,25,0,10,'评论正在审核中!','21111','本田贸易',20,'2023-07-03 02:17:34'),(637,25,0,10,'评论正在审核中!','21111','本田贸易',20,'2023-07-03 02:17:34'),(638,25,0,10,'评论正在审核中!','21111','本田贸易',20,'2023-07-03 02:17:34'),(639,25,0,10,'评论正在审核中!','21111','本田贸易',20,'2023-07-03 02:17:34'),(640,25,0,10,'评论正在审核中!','21111','本田贸易',20,'2023-07-03 02:17:34'),(641,25,0,10,'评论正在审核中!','21111','本田贸易',20,'2023-07-03 02:17:34'),(642,25,0,10,'评论正在审核中!','21111','本田贸易',20,'2023-07-03 02:17:35'),(643,25,0,10,'评论正在审核中!','21111','本田贸易',20,'2023-07-03 02:17:35'),(644,25,0,10,'评论正在审核中!','21111','本田贸易',20,'2023-07-03 02:17:35'),(645,25,0,10,'评论正在审核中!','21111','本田贸易',20,'2023-07-03 02:17:36'),(646,25,0,10,'评论正在审核中!','21111','本田贸易',20,'2023-07-03 02:17:36'),(647,25,0,10,'评论正在审核中!','21111','本田贸易',20,'2023-07-03 02:17:36'),(648,25,0,10,'评论正在审核中!','21111','本田贸易',20,'2023-07-03 02:17:36'),(649,25,0,10,'评论正在审核中!','21111','本田贸易',20,'2023-07-03 02:17:36'),(650,25,0,10,'评论正在审核中!','21111','本田贸易',20,'2023-07-03 02:17:36'),(651,25,0,10,'评论正在审核中!','21111','本田贸易',20,'2023-07-03 02:17:36'),(652,25,0,10,'评论正在审核中!','21111','本田贸易',20,'2023-07-03 02:17:37'),(653,25,0,10,'评论正在审核中!','21111','本田贸易',20,'2023-07-03 02:17:37'),(654,25,0,10,'评论正在审核中!','21111','本田贸易',20,'2023-07-03 02:17:37'),(655,25,0,10,'评论正在审核中!','21111','本田贸易',20,'2023-07-03 02:17:37'),(656,25,0,10,'评论正在审核中!','21111','本田贸易',20,'2023-07-03 02:17:37'),(657,25,0,10,'评论正在审核中!','21111','本田贸易',20,'2023-07-03 02:17:38'),(658,25,0,10,'评论正在审核中!','21111','本田贸易',20,'2023-07-03 02:17:38'),(659,25,0,10,'评论正在审核中!','21111','本田贸易',20,'2023-07-03 02:17:38'),(660,25,0,10,'评论正在审核中!','21111','本田贸易',20,'2023-07-03 02:17:38'),(661,25,0,10,'评论正在审核中!','21111','本田贸易',20,'2023-07-03 02:17:38'),(662,25,0,10,'评论正在审核中!','21111','本田贸易',20,'2023-07-03 02:17:38'),(663,25,0,10,'评论正在审核中!','21111','本田贸易',20,'2023-07-03 02:17:38'),(664,25,0,10,'评论正在审核中!','21111','本田贸易',20,'2023-07-03 02:17:39'),(665,25,0,10,'评论正在审核中!','21111','本田贸易',20,'2023-07-03 02:17:39'),(666,25,0,10,'评论正在审核中!','21111','本田贸易',20,'2023-07-03 02:17:39'),(667,25,0,10,'评论正在审核中!','21111','本田贸易',20,'2023-07-03 02:17:39'),(668,25,0,10,'评论正在审核中!','21111','本田贸易',20,'2023-07-03 02:17:39'),(669,25,0,10,'评论正在审核中!','21111','本田贸易',20,'2023-07-03 02:17:39'),(670,25,0,10,'评论正在审核中!','21111','本田贸易',20,'2023-07-03 02:17:39'),(671,25,0,10,'评论正在审核中!','21111','本田贸易',20,'2023-07-03 02:17:40'),(672,25,0,10,'评论正在审核中!','21111','本田贸易',20,'2023-07-03 02:17:40'),(673,25,0,10,'评论正在审核中!','21111','本田贸易',20,'2023-07-03 02:17:40'),(674,25,0,10,'评论正在审核中!','21111','本田贸易',20,'2023-07-03 02:17:40'),(675,25,0,10,'评论正在审核中!','21111','本田贸易',20,'2023-07-03 02:17:40'),(676,25,0,10,'评论正在审核中!','21111','本田贸易',20,'2023-07-03 02:17:40'),(677,25,0,10,'评论正在审核中!','21111','本田贸易',20,'2023-07-03 02:17:40'),(678,25,0,10,'评论正在审核中!','21111','本田贸易',20,'2023-07-03 02:17:40'),(679,25,0,10,'评论正在审核中!','21111','本田贸易',20,'2023-07-03 02:17:41'),(680,25,0,10,'评论正在审核中!','21111','本田贸易',20,'2023-07-03 02:17:41'),(681,25,0,10,'评论正在审核中!','21111','本田贸易',20,'2023-07-03 02:17:41'),(682,25,0,10,'评论正在审核中!','21111','本田贸易',20,'2023-07-03 02:17:41'),(683,25,0,10,'评论正在审核中!','21111','本田贸易',20,'2023-07-03 02:17:41'),(684,25,0,10,'评论正在审核中!','21111','本田贸易',20,'2023-07-03 02:17:41'),(685,25,0,10,'评论正在审核中!','21111','本田贸易',20,'2023-07-03 02:17:42'),(686,25,0,10,'评论正在审核中!','21111','本田贸易',20,'2023-07-03 02:17:42'),(687,25,0,10,'评论正在审核中!','21111','本田贸易',20,'2023-07-03 02:17:42'),(688,25,0,10,'评论正在审核中!','21111','本田贸易',20,'2023-07-03 02:17:42'),(689,25,0,10,'评论正在审核中!','21111','本田贸易',20,'2023-07-03 02:17:42'),(690,25,0,10,'评论正在审核中!','21111','本田贸易',20,'2023-07-03 02:17:52'),(691,25,0,10,'评论正在审核中!','21111','本田贸易',20,'2023-07-03 02:17:52'),(692,25,0,10,'评论正在审核中!','21111','本田贸易',20,'2023-07-03 02:17:52'),(693,25,0,10,'评论正在审核中!','21111','本田贸易',20,'2023-07-03 02:17:53'),(694,25,0,10,'评论正在审核中!','21111','本田贸易',20,'2023-07-03 02:17:53'),(695,25,0,10,'评论正在审核中!','21111','本田贸易',20,'2023-07-03 02:17:53'),(696,25,0,10,'评论正在审核中!','21111','本田贸易',20,'2023-07-03 02:17:53'),(697,25,0,10,'评论正在审核中!','21111','本田贸易',20,'2023-07-03 02:17:53'),(698,25,0,10,'评论正在审核中!','21111','本田贸易',20,'2023-07-03 02:17:53'),(699,25,0,10,'评论正在审核中!','21111','本田贸易',20,'2023-07-03 02:17:54'),(700,25,0,10,'评论正在审核中!','21111','本田贸易',20,'2023-07-03 02:17:54'),(701,25,0,10,'评论正在审核中!','21111','本田贸易',20,'2023-07-03 02:17:54'),(702,25,0,10,'评论正在审核中!','21111','本田贸易',20,'2023-07-03 02:17:54'),(703,25,0,10,'评论正在审核中!','21111','本田贸易',20,'2023-07-03 02:17:54'),(704,25,0,10,'评论正在审核中!','21111','本田贸易',20,'2023-07-03 02:17:54'),(705,25,0,10,'评论正在审核中!','21111','本田贸易',20,'2023-07-03 02:17:54'),(706,25,0,10,'评论正在审核中!','21111','本田贸易',20,'2023-07-03 02:17:55'),(707,25,0,10,'评论正在审核中!','21111','本田贸易',20,'2023-07-03 02:17:55'),(708,25,0,10,'评论正在审核中!','21111','本田贸易',20,'2023-07-03 02:17:55'),(709,25,0,10,'评论正在审核中!','21111','本田贸易',20,'2023-07-03 02:17:55'),(710,25,0,10,'评论正在审核中!','21111','本田贸易',20,'2023-07-03 02:17:55'),(711,25,0,10,'评论正在审核中!','21111','本田贸易',20,'2023-07-03 02:17:55'),(712,25,0,10,'评论正在审核中!','21111','本田贸易',20,'2023-07-03 02:17:55'),(713,25,0,10,'评论正在审核中!','21111','本田贸易',20,'2023-07-03 02:17:56'),(714,25,0,10,'评论正在审核中!','21111','本田贸易',20,'2023-07-03 02:17:56'),(715,25,0,10,'评论正在审核中!','21111','本田贸易',20,'2023-07-03 02:17:56'),(716,25,0,10,'评论正在审核中!','21111','本田贸易',20,'2023-07-03 02:17:56'),(717,25,0,10,'评论正在审核中!','21111','本田贸易',20,'2023-07-03 02:17:56'),(718,25,0,10,'评论正在审核中!','21111','本田贸易',20,'2023-07-03 02:17:56'),(719,25,0,10,'评论正在审核中!','21111','本田贸易',20,'2023-07-03 02:17:57'),(720,25,0,10,'评论正在审核中!','21111','本田贸易',20,'2023-07-03 02:17:57'),(721,25,0,10,'评论正在审核中!','21111','本田贸易',20,'2023-07-03 02:17:57'),(722,25,0,10,'评论正在审核中!','21111','本田贸易',20,'2023-07-03 02:17:57'),(723,25,0,10,'评论正在审核中!','21111','本田贸易',20,'2023-07-03 02:17:57'),(724,25,0,10,'评论正在审核中!','21111','本田贸易',20,'2023-07-03 02:17:57'),(725,25,0,10,'评论正在审核中!','21111','本田贸易',20,'2023-07-03 02:17:58'),(726,25,0,10,'评论正在审核中!','21111','本田贸易',20,'2023-07-03 02:17:58'),(727,25,0,10,'评论正在审核中!','21111','本田贸易',20,'2023-07-03 02:17:58'),(728,25,0,10,'评论正在审核中!','21111','本田贸易',20,'2023-07-03 02:17:58'),(729,25,0,10,'评论正在审核中!','21111','本田贸易',20,'2023-07-03 02:17:59'),(730,25,0,10,'评论正在审核中!','21111','本田贸易',20,'2023-07-03 02:17:59'),(731,25,0,10,'评论正在审核中!','21111','本田贸易',20,'2023-07-03 02:17:59'),(732,25,0,10,'评论正在审核中!','21111','本田贸易',20,'2023-07-03 02:17:59'),(733,25,0,10,'评论正在审核中!','21111','本田贸易',20,'2023-07-03 02:17:59'),(734,25,0,10,'评论正在审核中!','21111','本田贸易',20,'2023-07-03 02:17:59'),(735,25,0,10,'评论正在审核中!','21111','本田贸易',20,'2023-07-03 02:17:59'),(736,25,0,10,'评论正在审核中!','21111','本田贸易',20,'2023-07-03 02:18:00'),(737,25,0,10,'评论正在审核中!','21111','本田贸易',20,'2023-07-03 02:18:00'),(738,25,0,10,'评论正在审核中!','21111','本田贸易',20,'2023-07-03 02:18:00'),(739,25,0,10,'评论正在审核中!','21111','本田贸易',20,'2023-07-03 02:18:00'),(740,25,0,10,'评论正在审核中!','21111','本田贸易',20,'2023-07-03 02:18:00'),(741,25,0,10,'评论正在审核中!','21111','本田贸易',20,'2023-07-03 02:18:01'),(742,25,0,10,'评论正在审核中!','21111','本田贸易',20,'2023-07-03 02:18:01'),(743,25,0,10,'评论正在审核中!','21111','本田贸易',20,'2023-07-03 02:18:01'),(744,25,0,10,'评论正在审核中!','21111','本田贸易',20,'2023-07-03 02:18:01'),(745,25,0,10,'评论正在审核中!','21111','本田贸易',20,'2023-07-03 02:18:01'),(746,25,0,10,'评论正在审核中!','21111','本田贸易',20,'2023-07-03 02:18:01'),(747,25,0,10,'评论正在审核中!','21111','本田贸易',20,'2023-07-03 02:18:02'),(748,25,0,10,'评论正在审核中!','21111','本田贸易',20,'2023-07-03 02:18:02'),(749,25,0,10,'评论正在审核中!','21111','本田贸易',20,'2023-07-03 02:18:02'),(750,25,0,10,'评论正在审核中!','21111','本田贸易',20,'2023-07-03 02:18:02'),(751,25,0,10,'评论正在审核中!','21111','本田贸易',20,'2023-07-03 02:18:02'),(752,25,0,10,'评论正在审核中!','21111','本田贸易',20,'2023-07-03 02:18:02'),(753,25,0,10,'评论正在审核中!','21111','本田贸易',20,'2023-07-03 02:18:03'),(754,25,0,10,'评论正在审核中!','21111','本田贸易',20,'2023-07-03 02:18:03'),(755,25,0,10,'评论正在审核中!','21111','本田贸易',20,'2023-07-03 02:18:03'),(756,25,0,10,'评论正在审核中!','21111','本田贸易',20,'2023-07-03 02:18:03'),(757,25,0,10,'评论正在审核中!','21111','本田贸易',20,'2023-07-03 02:18:03'),(758,25,0,10,'评论正在审核中!','21111','本田贸易',20,'2023-07-03 02:18:03'),(759,25,0,10,'评论正在审核中!','21111','本田贸易',20,'2023-07-03 02:18:13'),(760,25,0,10,'评论正在审核中!','21111','本田贸易',20,'2023-07-03 02:18:14'),(761,25,0,10,'评论正在审核中!','21111','本田贸易',20,'2023-07-03 02:18:14'),(762,25,0,10,'评论正在审核中!','21111','本田贸易',20,'2023-07-03 02:18:14'),(763,25,0,10,'评论正在审核中!','21111','本田贸易',20,'2023-07-03 02:18:14'),(764,25,0,10,'评论正在审核中!','21111','本田贸易',20,'2023-07-03 02:18:14'),(765,25,0,10,'评论正在审核中!','21111','本田贸易',20,'2023-07-03 02:18:14'),(766,25,0,10,'评论正在审核中!','21111','本田贸易',20,'2023-07-03 02:18:14'),(767,25,0,10,'评论正在审核中!','21111','本田贸易',20,'2023-07-03 02:18:16'),(768,25,0,10,'评论正在审核中!','21111','本田贸易',20,'2023-07-03 02:18:16'),(769,25,0,10,'评论正在审核中!','21111','本田贸易',20,'2023-07-03 02:18:16'),(770,25,0,10,'评论正在审核中!','21111','本田贸易',20,'2023-07-03 02:18:16'),(771,25,0,10,'评论正在审核中!','21111','本田贸易',20,'2023-07-03 02:18:16'),(772,25,0,10,'评论正在审核中!','21111','本田贸易',20,'2023-07-03 02:18:16'),(773,25,0,10,'评论正在审核中!','21111','本田贸易',20,'2023-07-03 02:18:17'),(774,25,0,10,'评论正在审核中!','21111','本田贸易',20,'2023-07-03 02:18:17'),(775,25,0,10,'评论正在审核中!','21111','本田贸易',20,'2023-07-03 02:18:17'),(776,25,0,10,'评论正在审核中!','21111','本田贸易',20,'2023-07-03 02:18:17'),(777,25,0,10,'评论正在审核中!','21111','本田贸易',20,'2023-07-03 02:18:17'),(778,25,0,10,'评论正在审核中!','21111','本田贸易',20,'2023-07-03 02:18:17'),(779,25,0,10,'评论正在审核中!','21111','本田贸易',20,'2023-07-03 02:18:17'),(780,25,0,10,'评论正在审核中!','21111','本田贸易',20,'2023-07-03 02:18:18'),(781,25,0,10,'评论正在审核中!','21111','本田贸易',20,'2023-07-03 02:18:18'),(782,25,0,10,'评论正在审核中!','21111','本田贸易',20,'2023-07-03 02:18:18'),(783,25,0,10,'评论正在审核中!','21111','本田贸易',20,'2023-07-03 02:18:18'),(784,25,0,10,'评论正在审核中!','21111','本田贸易',20,'2023-07-03 02:18:18'),(785,25,0,10,'评论正在审核中!','21111','本田贸易',20,'2023-07-03 02:18:18'),(786,25,0,10,'评论正在审核中!','21111','本田贸易',20,'2023-07-03 02:18:18'),(787,25,0,10,'评论正在审核中!','21111','本田贸易',20,'2023-07-03 02:18:19'),(788,25,0,10,'评论正在审核中!','21111','本田贸易',20,'2023-07-03 02:18:19'),(789,25,0,10,'评论正在审核中!','21111','本田贸易',20,'2023-07-03 02:18:19'),(790,25,0,10,'评论正在审核中!','21111','本田贸易',20,'2023-07-03 02:18:19'),(791,25,0,10,'评论正在审核中!','21111','本田贸易',20,'2023-07-03 02:18:19'),(792,25,0,10,'评论正在审核中!','21111','本田贸易',20,'2023-07-03 02:18:19'),(793,25,0,10,'评论正在审核中!','21111','本田贸易',20,'2023-07-03 02:18:20'),(794,25,0,10,'评论正在审核中!','21111','本田贸易',20,'2023-07-03 02:18:20'),(795,25,0,10,'评论正在审核中!','21111','本田贸易',20,'2023-07-03 02:18:20'),(796,25,0,10,'评论正在审核中!','21111','本田贸易',20,'2023-07-03 02:18:20'),(797,25,0,10,'评论正在审核中!','21111','本田贸易',20,'2023-07-03 02:18:20'),(798,25,0,10,'评论正在审核中!','21111','本田贸易',20,'2023-07-03 02:18:20'),(799,25,0,10,'评论正在审核中!','21111','本田贸易',20,'2023-07-03 02:18:20'),(800,25,0,10,'评论正在审核中!','21111','本田贸易',20,'2023-07-03 02:18:20'),(801,25,0,10,'评论正在审核中!','21111','本田贸易',20,'2023-07-03 02:18:21'),(802,25,0,10,'评论正在审核中!','21111','本田贸易',20,'2023-07-03 02:18:21'),(803,25,0,10,'评论正在审核中!','21111','本田贸易',20,'2023-07-03 02:18:21'),(804,25,0,10,'评论正在审核中!','21111','本田贸易',20,'2023-07-03 02:18:21'),(805,25,0,10,'评论正在审核中!','21111','本田贸易',20,'2023-07-03 02:18:21'),(806,25,0,10,'评论正在审核中!','21111','本田贸易',20,'2023-07-03 02:18:21'),(807,25,0,10,'评论正在审核中!','21111','本田贸易',20,'2023-07-03 02:18:21'),(808,25,0,10,'评论正在审核中!','21111','本田贸易',20,'2023-07-03 02:18:21'),(809,25,0,10,'评论正在审核中!','21111','本田贸易',20,'2023-07-03 02:18:22'),(810,25,0,10,'评论正在审核中!','21111','本田贸易',20,'2023-07-03 02:18:22'),(811,25,0,10,'评论正在审核中!','21111','本田贸易',20,'2023-07-03 02:18:22'),(812,25,0,10,'评论正在审核中!','21111','本田贸易',20,'2023-07-03 02:18:22'),(813,25,0,10,'评论正在审核中!','21111','本田贸易',20,'2023-07-03 02:18:22'),(814,25,0,10,'评论正在审核中!','21111','本田贸易',20,'2023-07-03 02:18:22'),(815,25,0,10,'评论正在审核中!','21111','本田贸易',20,'2023-07-03 02:18:22'),(816,25,0,10,'评论正在审核中!','21111','本田贸易',20,'2023-07-03 02:18:23'),(817,25,0,10,'评论正在审核中!','21111','本田贸易',20,'2023-07-03 02:18:23'),(818,25,0,10,'评论正在审核中!','21111','本田贸易',20,'2023-07-03 02:18:23'),(819,25,0,10,'评论正在审核中!','21111','本田贸易',20,'2023-07-03 02:18:23'),(820,25,0,10,'评论正在审核中!','21111','本田贸易',20,'2023-07-03 02:18:23'),(821,25,0,10,'评论正在审核中!','21111','本田贸易',20,'2023-07-03 02:18:23'),(822,25,0,10,'评论正在审核中!','21111','本田贸易',20,'2023-07-03 02:18:23'),(823,25,0,10,'评论正在审核中!','21111','本田贸易',20,'2023-07-03 02:18:24'),(824,25,0,10,'评论正在审核中!','21111','本田贸易',20,'2023-07-03 02:18:24'),(825,25,0,10,'评论正在审核中!','21111','本田贸易',20,'2023-07-03 02:18:24'),(826,25,0,10,'评论正在审核中!','21111','本田贸易',20,'2023-07-03 02:18:24'),(827,25,0,10,'评论正在审核中!','21111','本田贸易',20,'2023-07-03 02:18:24'),(828,25,0,10,'评论正在审核中!','21111','本田贸易',20,'2023-07-03 02:18:24'),(829,25,0,10,'评论正在审核中!','21111','本田贸易',20,'2023-07-03 02:18:24'),(830,25,0,10,'评论正在审核中!','21111','本田贸易',20,'2023-07-03 02:18:24'),(831,25,0,10,'评论正在审核中!','21111','本田贸易',20,'2023-07-03 02:18:25'),(832,25,0,10,'评论正在审核中!','21111','本田贸易',20,'2023-07-03 02:18:25'),(833,25,0,10,'评论正在审核中!','21111','本田贸易',20,'2023-07-03 02:18:25'),(834,25,0,10,'评论正在审核中!','21111','本田贸易',20,'2023-07-03 02:18:25'),(835,25,0,10,'评论正在审核中!','21111','本田贸易',20,'2023-07-03 02:18:25'),(836,25,0,10,'评论正在审核中!','21111','本田贸易',20,'2023-07-03 02:18:25'),(837,25,0,10,'评论正在审核中!','21111','本田贸易',20,'2023-07-03 02:18:25'),(838,25,0,10,'评论正在审核中!','21111','本田贸易',20,'2023-07-03 02:18:26'),(839,25,0,10,'评论正在审核中!','21111','本田贸易',20,'2023-07-03 02:18:26'),(840,25,0,10,'评论正在审核中!','21111','本田贸易',20,'2023-07-03 02:18:26'),(841,25,0,10,'评论正在审核中!','21111','本田贸易',20,'2023-07-03 02:18:26'),(842,25,0,10,'评论正在审核中!','21111','本田贸易',20,'2023-07-03 02:18:26'),(843,25,0,10,'评论正在审核中!','21111','本田贸易',20,'2023-07-03 02:18:26'),(844,25,0,10,'评论正在审核中!','21111','本田贸易',20,'2023-07-03 02:18:26'),(845,25,0,10,'评论正在审核中!','21111','本田贸易',20,'2023-07-03 02:18:26'),(846,25,0,10,'评论正在审核中!','21111','本田贸易',20,'2023-07-03 02:18:27'),(847,25,0,10,'评论正在审核中!','21111','本田贸易',20,'2023-07-03 02:18:27'),(848,25,0,10,'评论正在审核中!','21111','本田贸易',20,'2023-07-03 02:18:27'),(849,25,0,10,'评论正在审核中!','21111','本田贸易',20,'2023-07-03 02:18:27'),(850,25,0,10,'评论正在审核中!','21111','本田贸易',20,'2023-07-03 02:18:27'),(851,25,0,10,'评论正在审核中!','21111','本田贸易',20,'2023-07-03 02:18:27'),(852,25,0,10,'评论正在审核中!','21111','本田贸易',20,'2023-07-03 02:18:27'),(853,25,0,10,'评论正在审核中!','21111','本田贸易',20,'2023-07-03 02:18:28'),(854,25,0,10,'评论正在审核中!','21111','本田贸易',20,'2023-07-03 02:18:28'),(855,25,0,10,'评论正在审核中!','21111','本田贸易',20,'2023-07-03 02:18:28'),(856,25,0,10,'评论正在审核中!','21111','本田贸易',20,'2023-07-03 02:18:28'),(857,25,0,10,'评论正在审核中!','21111','本田贸易',20,'2023-07-03 02:18:28'),(858,25,0,10,'评论正在审核中!','21111','本田贸易',20,'2023-07-03 02:18:28'),(859,25,0,10,'评论正在审核中!','21111','本田贸易',20,'2023-07-03 02:18:28'),(860,25,0,10,'评论正在审核中!','21111','本田贸易',20,'2023-07-03 02:18:28'),(861,25,0,10,'评论正在审核中!','21111','本田贸易',20,'2023-07-03 02:18:29'),(862,25,0,10,'评论正在审核中!','21111','本田贸易',20,'2023-07-03 02:18:29'),(863,25,0,10,'评论正在审核中!','21111','本田贸易',20,'2023-07-03 02:18:29'),(864,25,0,10,'评论正在审核中!','21111','本田贸易',20,'2023-07-03 02:18:29'),(865,25,0,10,'评论正在审核中!','21111','本田贸易',20,'2023-07-03 02:18:29'),(866,25,0,10,'评论正在审核中!','21111','本田贸易',20,'2023-07-03 02:18:29'),(867,25,0,10,'评论正在审核中!','21111','本田贸易',20,'2023-07-03 02:18:30'),(868,25,0,10,'评论正在审核中!','21111','本田贸易',20,'2023-07-03 02:18:30'),(869,25,0,10,'评论正在审核中!','21111','本田贸易',20,'2023-07-03 02:18:30'),(870,25,0,10,'评论正在审核中!','21111','本田贸易',20,'2023-07-03 02:18:30'),(871,25,0,10,'评论正在审核中!','21111','本田贸易',20,'2023-07-03 02:18:30'),(872,25,0,10,'评论正在审核中!','21111','本田贸易',20,'2023-07-03 02:18:30'),(873,25,0,10,'评论正在审核中!','21111','本田贸易',20,'2023-07-03 02:18:30'),(874,25,0,10,'评论正在审核中!','21111','本田贸易',20,'2023-07-03 02:18:30'),(875,25,0,10,'评论正在审核中!','21111','本田贸易',20,'2023-07-03 02:18:31'),(876,25,0,10,'评论正在审核中!','21111','本田贸易',20,'2023-07-03 02:18:31'),(877,25,0,10,'评论正在审核中!','21111','本田贸易',20,'2023-07-03 02:18:31'),(878,25,0,10,'评论正在审核中!','21111','本田贸易',20,'2023-07-03 02:18:31'),(879,25,0,10,'评论正在审核中!','21111','本田贸易',20,'2023-07-03 02:18:31'),(880,25,0,10,'评论正在审核中!','21111','本田贸易',20,'2023-07-03 02:18:31'),(881,25,0,10,'评论正在审核中!','21111','本田贸易',20,'2023-07-03 02:18:31'),(882,25,0,10,'评论正在审核中!','21111','本田贸易',20,'2023-07-03 02:18:31'),(883,25,0,10,'评论正在审核中!','21111','本田贸易',20,'2023-07-03 02:18:31'),(884,25,0,10,'评论正在审核中!','21111','本田贸易',20,'2023-07-03 02:18:32'),(885,25,0,10,'评论正在审核中!','21111','本田贸易',20,'2023-07-03 02:18:32'),(886,25,0,10,'评论正在审核中!','21111','本田贸易',20,'2023-07-03 02:18:32'),(887,25,0,10,'评论正在审核中!','21111','本田贸易',20,'2023-07-03 02:18:32'),(888,25,0,10,'评论正在审核中!','21111','本田贸易',20,'2023-07-03 02:18:32'),(889,25,0,10,'评论正在审核中!','21111','本田贸易',20,'2023-07-03 02:18:32'),(890,25,0,10,'评论正在审核中!','21111','本田贸易',20,'2023-07-03 02:18:32'),(891,25,0,10,'评论正在审核中!','21111','本田贸易',20,'2023-07-03 02:18:32'),(892,25,0,10,'评论正在审核中!','21111','本田贸易',20,'2023-07-03 02:18:33'),(893,25,0,10,'评论正在审核中!','21111','本田贸易',20,'2023-07-03 02:18:33'),(894,25,0,10,'评论正在审核中!','21111','本田贸易',20,'2023-07-03 02:18:33'),(895,25,0,10,'评论正在审核中!','21111','本田贸易',20,'2023-07-03 02:18:33'),(896,25,0,10,'评论正在审核中!','21111','本田贸易',20,'2023-07-03 02:18:33'),(897,25,0,10,'评论正在审核中!','21111','本田贸易',20,'2023-07-03 02:18:33'),(898,25,0,10,'评论正在审核中!','21111','本田贸易',20,'2023-07-03 02:18:33'),(899,25,0,10,'评论正在审核中!','21111','本田贸易',20,'2023-07-03 02:18:33'),(900,25,0,10,'评论正在审核中!','21111','本田贸易',20,'2023-07-03 02:18:34'),(901,25,0,10,'评论正在审核中!','21111','本田贸易',20,'2023-07-03 02:18:34'),(902,25,0,10,'评论正在审核中!','21111','本田贸易',20,'2023-07-03 02:18:34'),(903,25,0,10,'评论正在审核中!','21111','本田贸易',20,'2023-07-03 02:18:34'),(904,25,0,10,'评论正在审核中!','21111','本田贸易',20,'2023-07-03 02:18:34'),(905,25,0,10,'评论正在审核中!','21111','本田贸易',20,'2023-07-03 02:18:34'),(906,25,0,10,'评论正在审核中!','21111','本田贸易',20,'2023-07-03 02:18:34'),(907,25,0,10,'评论正在审核中!','21111','本田贸易',20,'2023-07-03 02:18:35'),(908,25,0,10,'评论正在审核中!','21111','本田贸易',20,'2023-07-03 02:18:35'),(909,25,0,10,'评论正在审核中!','21111','本田贸易',20,'2023-07-03 02:18:35'),(910,25,0,10,'评论正在审核中!','21111','本田贸易',20,'2023-07-03 02:18:35'),(911,25,0,10,'评论正在审核中!','21111','本田贸易',20,'2023-07-03 02:18:35'),(912,25,0,10,'评论正在审核中!','21111','本田贸易',20,'2023-07-03 02:18:35'),(913,25,0,10,'评论正在审核中!','21111','本田贸易',20,'2023-07-03 02:18:35'),(914,25,0,10,'评论正在审核中!','21111','本田贸易',20,'2023-07-03 02:18:36'),(915,25,0,10,'评论正在审核中!','21111','本田贸易',20,'2023-07-03 02:18:36'),(916,25,0,10,'评论正在审核中!','21111','本田贸易',20,'2023-07-03 02:18:36'),(917,25,0,10,'评论正在审核中!','21111','本田贸易',20,'2023-07-03 02:18:36'),(918,25,0,10,'评论正在审核中!','21111','本田贸易',20,'2023-07-03 02:18:36'),(919,25,0,10,'评论正在审核中!','21111','本田贸易',20,'2023-07-03 02:18:36'),(920,25,0,10,'评论正在审核中!','21111','本田贸易',20,'2023-07-03 02:18:36'),(921,25,0,10,'评论正在审核中!','21111','本田贸易',20,'2023-07-03 02:18:36'),(922,25,0,10,'评论正在审核中!','21111','本田贸易',20,'2023-07-03 02:18:37'),(923,25,0,10,'评论正在审核中!','21111','本田贸易',20,'2023-07-03 02:18:37'),(924,25,0,10,'评论正在审核中!','21111','本田贸易',20,'2023-07-03 02:18:37'),(925,25,0,10,'评论正在审核中!','21111','本田贸易',20,'2023-07-03 02:18:37'),(926,25,0,10,'评论正在审核中!','21111','本田贸易',20,'2023-07-03 02:18:37'),(927,25,0,10,'评论正在审核中!','21111','本田贸易',20,'2023-07-03 02:18:37'),(928,25,0,10,'评论正在审核中!','21111','本田贸易',20,'2023-07-03 02:18:37'),(929,25,0,10,'评论正在审核中!','21111','本田贸易',20,'2023-07-03 02:18:38'),(930,25,0,10,'评论正在审核中!','21111','本田贸易',20,'2023-07-03 02:18:38'),(931,25,0,10,'评论正在审核中!','21111','本田贸易',20,'2023-07-03 02:18:38'),(932,25,0,10,'评论正在审核中!','21111','本田贸易',20,'2023-07-03 02:18:38'),(933,25,0,10,'评论正在审核中!','21111','本田贸易',20,'2023-07-03 02:18:38'),(934,25,0,10,'评论正在审核中!','21111','本田贸易',20,'2023-07-03 02:18:38'),(935,25,0,10,'评论正在审核中!','21111','本田贸易',20,'2023-07-03 02:18:39'),(936,25,0,10,'评论正在审核中!','21111','本田贸易',20,'2023-07-03 02:18:39'),(937,25,0,10,'评论正在审核中!','21111','本田贸易',20,'2023-07-03 02:18:39'),(938,25,0,10,'评论正在审核中!','21111','本田贸易',20,'2023-07-03 02:18:39'),(939,25,0,10,'评论正在审核中!','21111','本田贸易',20,'2023-07-03 02:18:39'),(940,25,0,10,'评论正在审核中!','21111','本田贸易',20,'2023-07-03 02:18:39'),(941,25,0,10,'评论正在审核中!','21111','本田贸易',20,'2023-07-03 02:18:39'),(942,25,0,10,'评论正在审核中!','21111','本田贸易',20,'2023-07-03 02:18:40'),(943,25,0,10,'评论正在审核中!','21111','本田贸易',20,'2023-07-03 02:18:40'),(944,25,0,10,'评论正在审核中!','21111','本田贸易',20,'2023-07-03 02:18:40'),(945,25,0,10,'评论正在审核中!','21111','本田贸易',20,'2023-07-03 02:18:40'),(946,25,0,10,'评论正在审核中!','21111','本田贸易',20,'2023-07-03 02:18:40'),(947,25,0,10,'评论正在审核中!','21111','本田贸易',20,'2023-07-03 02:18:40'),(948,25,0,10,'评论正在审核中!','21111','本田贸易',20,'2023-07-03 02:18:40'),(949,25,0,10,'评论正在审核中!','21111','本田贸易',20,'2023-07-03 02:18:41'),(950,25,0,10,'评论正在审核中!','21111','本田贸易',20,'2023-07-03 02:18:41'),(951,25,0,10,'评论正在审核中!','21111','本田贸易',20,'2023-07-03 02:18:41'),(952,25,0,10,'评论正在审核中!','21111','本田贸易',20,'2023-07-03 02:18:41'),(953,25,0,10,'评论正在审核中!','21111','本田贸易',20,'2023-07-03 02:18:41'),(954,25,0,10,'评论正在审核中!','21111','本田贸易',20,'2023-07-03 02:18:41'),(955,25,0,10,'评论正在审核中!','21111','本田贸易',20,'2023-07-03 02:18:41'),(956,25,0,10,'评论正在审核中!','21111','本田贸易',20,'2023-07-03 02:18:42'),(957,25,0,10,'评论正在审核中!','21111','本田贸易',20,'2023-07-03 02:18:42'),(958,25,0,10,'评论正在审核中!','21111','本田贸易',20,'2023-07-03 02:18:42'),(959,25,0,10,'评论正在审核中!','21111','本田贸易',20,'2023-07-03 02:18:42'),(960,25,0,10,'评论正在审核中!','21111','本田贸易',20,'2023-07-03 02:18:42'),(961,25,0,10,'评论正在审核中!','21111','本田贸易',20,'2023-07-03 02:18:42'),(962,25,0,10,'评论正在审核中!','21111','本田贸易',20,'2023-07-03 02:18:42'),(963,25,0,10,'评论正在审核中!','21111','本田贸易',20,'2023-07-03 02:18:42'),(964,25,0,10,'评论正在审核中!','21111','本田贸易',20,'2023-07-03 02:18:43'),(965,25,0,10,'评论正在审核中!','21111','本田贸易',20,'2023-07-03 02:18:43'),(966,25,0,10,'评论正在审核中!','21111','本田贸易',20,'2023-07-03 02:18:43'),(967,25,0,10,'评论正在审核中!','21111','本田贸易',20,'2023-07-03 02:18:43'),(968,25,0,10,'评论正在审核中!','21111','本田贸易',20,'2023-07-03 02:18:43'),(969,25,0,10,'评论正在审核中!','21111','本田贸易',20,'2023-07-03 02:18:43'),(970,25,0,10,'评论正在审核中!','21111','本田贸易',20,'2023-07-03 02:18:43'),(971,25,0,10,'评论正在审核中!','21111','本田贸易',20,'2023-07-03 02:18:44'),(972,25,0,10,'评论正在审核中!','21111','本田贸易',20,'2023-07-03 02:18:44'),(973,25,0,10,'评论正在审核中!','21111','本田贸易',20,'2023-07-03 02:18:44'),(974,25,0,10,'评论正在审核中!','21111','本田贸易',20,'2023-07-03 02:18:44'),(975,25,0,10,'评论正在审核中!','21111','本田贸易',20,'2023-07-03 02:18:44'),(976,25,0,10,'评论正在审核中!','21111','本田贸易',20,'2023-07-03 02:18:44'),(977,25,0,10,'评论正在审核中!','21111','本田贸易',20,'2023-07-03 02:18:44'),(978,25,0,10,'评论正在审核中!','21111','本田贸易',20,'2023-07-03 02:18:44'),(979,25,0,10,'评论正在审核中!','21111','本田贸易',20,'2023-07-03 02:18:45'),(980,25,0,10,'评论正在审核中!','21111','本田贸易',20,'2023-07-03 02:18:45'),(981,25,0,10,'评论正在审核中!','21111','本田贸易',20,'2023-07-03 02:18:45'),(982,25,0,10,'评论正在审核中!','21111','本田贸易',20,'2023-07-03 02:18:45'),(983,25,0,10,'评论正在审核中!','21111','本田贸易',20,'2023-07-03 02:18:55'),(984,25,0,10,'评论正在审核中!','21111','本田贸易',20,'2023-07-03 02:18:56'),(985,25,0,10,'评论正在审核中!','21111','本田贸易',20,'2023-07-03 02:18:56'),(986,25,0,10,'评论正在审核中!','21111','本田贸易',20,'2023-07-03 02:18:56'),(987,25,0,10,'评论正在审核中!','21111','本田贸易',20,'2023-07-03 02:18:56'),(988,25,0,10,'评论正在审核中!','21111','本田贸易',20,'2023-07-03 02:18:56'),(989,25,0,10,'评论正在审核中!','21111','本田贸易',20,'2023-07-03 02:18:56'),(990,25,0,10,'评论正在审核中!','21111','本田贸易',20,'2023-07-03 02:18:57'),(991,25,0,10,'评论正在审核中!','21111','本田贸易',20,'2023-07-03 02:18:57'),(992,25,0,10,'评论正在审核中!','21111','本田贸易',20,'2023-07-03 02:18:57'),(993,25,0,10,'评论正在审核中!','21111','本田贸易',20,'2023-07-03 02:18:57'),(994,25,0,10,'评论正在审核中!','21111','本田贸易',20,'2023-07-03 02:18:57'),(995,25,0,10,'评论正在审核中!','21111','本田贸易',20,'2023-07-03 02:18:57'),(996,25,0,10,'评论正在审核中!','21111','本田贸易',20,'2023-07-03 02:18:58'),(997,25,0,10,'评论正在审核中!','21111','本田贸易',20,'2023-07-03 02:18:59'),(998,25,0,10,'评论正在审核中!','21111','本田贸易',20,'2023-07-03 02:18:59'),(999,25,0,10,'评论正在审核中!','21111','本田贸易',20,'2023-07-03 02:18:59'),(1000,25,0,10,'评论正在审核中!','21111','本田贸易',20,'2023-07-03 02:18:59'),(1001,25,0,10,'评论正在审核中!','21111','本田贸易',20,'2023-07-03 02:18:59'),(1002,25,0,10,'评论正在审核中!','21111','本田贸易',20,'2023-07-03 02:18:59'),(1003,25,0,10,'评论正在审核中!','21111','本田贸易',20,'2023-07-03 02:19:00'),(1004,25,0,10,'评论正在审核中!','21111','本田贸易',20,'2023-07-03 02:19:00'),(1005,25,0,10,'评论正在审核中!','21111','本田贸易',20,'2023-07-03 02:19:00'),(1006,25,0,10,'评论正在审核中!','21111','本田贸易',20,'2023-07-03 02:19:00'),(1007,25,0,10,'评论正在审核中!','21111','本田贸易',20,'2023-07-03 02:19:00'),(1008,25,0,10,'评论正在审核中!','21111','本田贸易',20,'2023-07-03 02:19:00'),(1009,25,0,10,'评论正在审核中!','21111','本田贸易',20,'2023-07-03 02:19:00'),(1010,25,0,10,'评论正在审核中!','21111','本田贸易',20,'2023-07-03 02:19:01'),(1011,25,0,10,'评论正在审核中!','21111','本田贸易',20,'2023-07-03 02:19:01'),(1012,25,0,10,'评论正在审核中!','21111','本田贸易',20,'2023-07-03 02:19:01'),(1013,25,0,10,'评论正在审核中!','21111','本田贸易',20,'2023-07-03 02:19:01'),(1014,25,0,10,'评论正在审核中!','21111','本田贸易',20,'2023-07-03 02:19:01'),(1015,25,0,10,'评论正在审核中!','21111','本田贸易',20,'2023-07-03 02:19:01'),(1016,25,0,10,'评论正在审核中!','21111','本田贸易',20,'2023-07-03 02:19:01'),(1017,25,0,10,'评论正在审核中!','21111','本田贸易',20,'2023-07-03 02:19:02'),(1018,25,0,10,'评论正在审核中!','21111','本田贸易',20,'2023-07-03 02:19:02'),(1019,25,0,10,'评论正在审核中!','21111','本田贸易',20,'2023-07-03 02:19:02'),(1020,25,0,10,'评论正在审核中!','21111','本田贸易',20,'2023-07-03 02:19:02'),(1021,25,0,10,'评论正在审核中!','21111','本田贸易',20,'2023-07-03 02:19:02'),(1022,25,0,10,'评论正在审核中!','21111','本田贸易',20,'2023-07-03 02:19:02'),(1023,25,0,10,'评论正在审核中!','21111','本田贸易',20,'2023-07-03 02:19:02'),(1024,25,0,10,'评论正在审核中!','21111','本田贸易',20,'2023-07-03 02:19:03'),(1025,25,0,10,'评论正在审核中!','21111','本田贸易',20,'2023-07-03 02:19:03'),(1026,25,0,10,'评论正在审核中!','21111','本田贸易',20,'2023-07-03 02:19:03'),(1027,25,0,10,'评论正在审核中!','21111','本田贸易',20,'2023-07-03 02:19:03'),(1028,25,0,10,'评论正在审核中!','21111','本田贸易',20,'2023-07-03 02:19:03'),(1029,25,0,10,'评论正在审核中!','21111','本田贸易',20,'2023-07-03 02:19:03'),(1030,25,0,10,'评论正在审核中!','21111','本田贸易',20,'2023-07-03 02:19:04'),(1031,25,0,10,'评论正在审核中!','21111','本田贸易',20,'2023-07-03 02:19:04'),(1032,25,0,10,'评论正在审核中!','21111','本田贸易',20,'2023-07-03 02:19:04'),(1033,25,0,10,'评论正在审核中!','21111','本田贸易',20,'2023-07-03 02:19:04'),(1034,25,0,10,'评论正在审核中!','21111','本田贸易',20,'2023-07-03 02:19:04'),(1035,25,0,10,'评论正在审核中!','21111','本田贸易',20,'2023-07-03 02:19:04'),(1036,25,0,10,'评论正在审核中!','21111','本田贸易',20,'2023-07-03 02:19:04'),(1037,25,0,10,'评论正在审核中!','21111','本田贸易',20,'2023-07-03 02:19:04'),(1038,25,0,10,'评论正在审核中!','21111','本田贸易',20,'2023-07-03 02:19:05'),(1039,25,0,10,'评论正在审核中!','21111','本田贸易',20,'2023-07-03 02:19:05'),(1040,25,0,10,'评论正在审核中!','21111','本田贸易',20,'2023-07-03 02:19:05'),(1041,25,0,10,'评论正在审核中!','21111','本田贸易',20,'2023-07-03 02:19:05'),(1042,25,0,10,'评论正在审核中!','21111','本田贸易',20,'2023-07-03 02:19:05'),(1043,25,0,10,'评论正在审核中!','21111','本田贸易',20,'2023-07-03 02:19:05'),(1044,25,0,10,'评论正在审核中!','21111','本田贸易',20,'2023-07-03 02:19:06'),(1045,25,0,10,'评论正在审核中!','21111','本田贸易',20,'2023-07-03 02:19:06'),(1046,25,0,10,'评论正在审核中!','21111','本田贸易',20,'2023-07-03 02:19:06'),(1047,25,0,10,'评论正在审核中!','21111','本田贸易',20,'2023-07-03 02:19:06'),(1048,25,0,10,'评论正在审核中!','21111','本田贸易',20,'2023-07-03 02:19:06'),(1049,25,0,10,'评论正在审核中!','21111','本田贸易',20,'2023-07-03 02:19:06'),(1050,25,0,10,'评论正在审核中!','21111','本田贸易',20,'2023-07-03 02:19:06'),(1051,25,0,10,'评论正在审核中!','21111','本田贸易',20,'2023-07-03 02:19:07'),(1052,25,0,10,'评论正在审核中!','21111','本田贸易',20,'2023-07-03 02:19:07'),(1053,25,0,10,'评论正在审核中!','21111','本田贸易',20,'2023-07-03 02:19:07'),(1054,25,0,10,'评论正在审核中!','21111','本田贸易',20,'2023-07-03 02:19:07'),(1055,25,0,10,'评论正在审核中!','21111','本田贸易',20,'2023-07-03 02:19:07'),(1056,25,0,10,'评论正在审核中!','21111','本田贸易',20,'2023-07-03 02:19:07'),(1057,25,0,10,'评论正在审核中!','21111','本田贸易',20,'2023-07-03 02:19:07'),(1058,25,0,10,'评论正在审核中!','21111','本田贸易',20,'2023-07-03 02:19:08'),(1059,25,0,10,'评论正在审核中!','21111','本田贸易',20,'2023-07-03 02:19:08'),(1060,25,0,10,'评论正在审核中!','21111','本田贸易',20,'2023-07-03 02:19:08'),(1061,25,0,10,'评论正在审核中!','21111','本田贸易',20,'2023-07-03 02:19:08'),(1062,25,0,10,'评论正在审核中!','21111','本田贸易',20,'2023-07-03 02:19:08'),(1063,25,0,10,'评论正在审核中!','21111','本田贸易',20,'2023-07-03 02:19:08'),(1064,25,0,10,'评论正在审核中!','21111','本田贸易',20,'2023-07-03 02:19:08'),(1065,25,0,10,'评论正在审核中!','21111','本田贸易',20,'2023-07-03 02:19:08'),(1066,25,0,10,'评论正在审核中!','21111','本田贸易',20,'2023-07-03 02:19:09'),(1067,25,0,10,'评论正在审核中!','21111','本田贸易',20,'2023-07-03 02:19:09'),(1068,25,0,10,'评论正在审核中!','21111','本田贸易',20,'2023-07-03 02:19:09'),(1069,25,0,10,'评论正在审核中!','21111','本田贸易',20,'2023-07-03 02:19:09'),(1070,25,0,10,'评论正在审核中!','21111','本田贸易',20,'2023-07-03 02:19:09'),(1071,25,0,10,'评论正在审核中!','21111','本田贸易',20,'2023-07-03 02:19:09'),(1072,25,0,10,'评论正在审核中!','21111','本田贸易',20,'2023-07-03 02:19:09'),(1073,25,0,10,'评论正在审核中!','21111','本田贸易',20,'2023-07-03 02:19:09'),(1074,25,0,10,'评论正在审核中!','21111','本田贸易',20,'2023-07-03 02:19:10'),(1075,25,0,10,'评论正在审核中!','21111','本田贸易',20,'2023-07-03 02:19:10'),(1076,25,0,10,'评论正在审核中!','21111','本田贸易',20,'2023-07-03 02:19:10'),(1077,25,0,10,'评论正在审核中!','21111','本田贸易',20,'2023-07-03 02:19:10'),(1078,25,0,10,'评论正在审核中!','21111','本田贸易',20,'2023-07-03 02:19:10'),(1079,25,0,10,'评论正在审核中!','21111','本田贸易',20,'2023-07-03 02:19:10'),(1080,25,0,10,'评论正在审核中!','21111','本田贸易',20,'2023-07-03 02:19:10'),(1081,25,0,10,'评论正在审核中!','21111','本田贸易',20,'2023-07-03 02:19:11'),(1082,25,0,10,'评论正在审核中!','21111','本田贸易',20,'2023-07-03 02:19:11'),(1083,25,0,10,'评论正在审核中!','21111','本田贸易',20,'2023-07-03 02:19:11'),(1084,25,0,10,'评论正在审核中!','21111','本田贸易',20,'2023-07-03 02:19:11'),(1085,25,0,10,'评论正在审核中!','21111','本田贸易',20,'2023-07-03 02:19:11'),(1086,25,0,10,'评论正在审核中!','21111','本田贸易',20,'2023-07-03 02:19:11'),(1087,25,0,10,'评论正在审核中!','21111','本田贸易',20,'2023-07-03 02:19:12'),(1088,25,0,10,'评论正在审核中!','21111','本田贸易',20,'2023-07-03 02:19:12'),(1089,25,0,10,'评论正在审核中!','21111','本田贸易',20,'2023-07-03 02:19:12'),(1090,25,0,10,'评论正在审核中!','21111','本田贸易',20,'2023-07-03 02:19:12'),(1091,25,0,10,'评论正在审核中!','21111','本田贸易',20,'2023-07-03 02:19:12'),(1092,25,0,10,'评论正在审核中!','21111','本田贸易',20,'2023-07-03 02:19:12'),(1093,25,0,10,'评论正在审核中!','21111','本田贸易',20,'2023-07-03 02:19:13'),(1094,25,0,10,'评论正在审核中!','21111','本田贸易',20,'2023-07-03 02:19:13'),(1095,25,0,10,'评论正在审核中!','21111','本田贸易',20,'2023-07-03 02:19:13'),(1096,25,0,10,'评论正在审核中!','21111','本田贸易',20,'2023-07-03 02:19:13'),(1097,25,0,10,'评论正在审核中!','21111','本田贸易',20,'2023-07-03 02:19:13'),(1098,25,0,10,'评论正在审核中!','21111','本田贸易',20,'2023-07-03 02:19:13'),(1099,25,0,10,'评论正在审核中!','21111','本田贸易',20,'2023-07-03 02:19:13'),(1100,25,0,10,'评论正在审核中!','21111','本田贸易',20,'2023-07-03 02:19:14'),(1101,25,0,10,'评论正在审核中!','21111','本田贸易',20,'2023-07-03 02:19:14'),(1102,25,0,10,'评论正在审核中!','21111','本田贸易',20,'2023-07-03 02:19:14'),(1103,25,0,10,'评论正在审核中!','21111','本田贸易',20,'2023-07-03 02:19:14'),(1104,25,0,10,'评论正在审核中!','21111','本田贸易',20,'2023-07-03 02:19:14'),(1105,25,0,10,'评论正在审核中!','21111','本田贸易',20,'2023-07-03 02:19:14'),(1106,25,0,10,'评论正在审核中!','21111','本田贸易',20,'2023-07-03 02:19:14'),(1107,25,0,10,'评论正在审核中!','21111','本田贸易',20,'2023-07-03 02:19:14'),(1108,25,0,10,'评论正在审核中!','21111','本田贸易',20,'2023-07-03 02:19:15'),(1109,25,0,10,'评论正在审核中!','21111','本田贸易',20,'2023-07-03 02:19:15'),(1110,25,0,10,'评论正在审核中!','21111','本田贸易',20,'2023-07-03 02:19:15'),(1111,25,0,10,'评论正在审核中!','21111','本田贸易',20,'2023-07-03 02:19:15'),(1112,25,0,10,'评论正在审核中!','21111','本田贸易',20,'2023-07-03 02:19:16'),(1113,25,0,10,'评论正在审核中!','21111','本田贸易',20,'2023-07-03 02:19:16'),(1114,25,0,10,'评论正在审核中!','21111','本田贸易',20,'2023-07-03 02:19:16'),(1115,25,0,10,'评论正在审核中!','21111','本田贸易',20,'2023-07-03 02:19:16'),(1116,25,0,10,'评论正在审核中!','21111','本田贸易',20,'2023-07-03 02:19:17'),(1117,25,0,10,'评论正在审核中!','21111','本田贸易',20,'2023-07-03 02:19:17'),(1118,25,0,10,'评论正在审核中!','21111','本田贸易',20,'2023-07-03 02:19:17'),(1119,25,0,10,'评论正在审核中!','21111','本田贸易',20,'2023-07-03 02:19:17'),(1120,25,0,10,'评论正在审核中!','21111','本田贸易',20,'2023-07-03 02:19:17'),(1121,25,0,10,'评论正在审核中!','21111','本田贸易',20,'2023-07-03 02:19:17'),(1122,25,0,10,'评论正在审核中!','21111','本田贸易',20,'2023-07-03 02:19:17'),(1123,25,0,10,'评论正在审核中!','21111','本田贸易',20,'2023-07-03 02:19:17'),(1124,25,0,10,'评论正在审核中!','21111','本田贸易',20,'2023-07-03 02:19:18'),(1125,25,0,10,'评论正在审核中!','21111','本田贸易',20,'2023-07-03 02:19:18'),(1126,25,0,10,'评论正在审核中!','21111','本田贸易',20,'2023-07-03 02:19:18'),(1127,25,0,10,'评论正在审核中!','21111','本田贸易',20,'2023-07-03 02:19:18'),(1128,25,0,10,'评论正在审核中!','21111','本田贸易',20,'2023-07-03 02:19:18'),(1129,25,0,10,'评论正在审核中!','21111','本田贸易',20,'2023-07-03 02:19:18'),(1130,25,0,10,'评论正在审核中!','21111','本田贸易',20,'2023-07-03 02:19:18'),(1131,25,0,10,'评论正在审核中!','21111','本田贸易',20,'2023-07-03 02:19:19'),(1132,25,0,10,'评论正在审核中!','21111','本田贸易',20,'2023-07-03 02:19:19'),(1133,25,0,10,'评论正在审核中!','21111','本田贸易',20,'2023-07-03 02:19:19'),(1134,25,0,10,'评论正在审核中!','21111','本田贸易',20,'2023-07-03 02:19:19'),(1135,25,0,10,'评论正在审核中!','21111','本田贸易',20,'2023-07-03 02:19:19'),(1136,25,0,10,'评论正在审核中!','21111','本田贸易',20,'2023-07-03 02:19:19'),(1137,25,0,10,'评论正在审核中!','21111','本田贸易',20,'2023-07-03 02:19:19'),(1138,25,0,10,'评论正在审核中!','21111','本田贸易',20,'2023-07-03 02:19:20'),(1139,25,0,10,'评论正在审核中!','21111','本田贸易',20,'2023-07-03 02:19:20'),(1140,25,0,10,'评论正在审核中!','21111','本田贸易',20,'2023-07-03 02:19:20'),(1141,25,0,10,'评论正在审核中!','21111','本田贸易',20,'2023-07-03 02:19:20'),(1142,25,0,10,'评论正在审核中!','21111','本田贸易',20,'2023-07-03 02:19:20'),(1143,25,0,10,'评论正在审核中!','21111','本田贸易',20,'2023-07-03 02:19:20'),(1144,25,0,10,'评论正在审核中!','21111','本田贸易',20,'2023-07-03 02:19:20'),(1145,25,0,10,'评论正在审核中!','21111','本田贸易',20,'2023-07-03 02:19:20'),(1146,25,0,10,'评论正在审核中!','21111','本田贸易',20,'2023-07-03 02:19:21'),(1147,25,0,10,'评论正在审核中!','21111','本田贸易',20,'2023-07-03 02:19:21'),(1148,25,0,10,'评论正在审核中!','21111','本田贸易',20,'2023-07-03 02:19:21'),(1149,25,0,10,'评论正在审核中!','21111','本田贸易',20,'2023-07-03 02:19:21'),(1150,25,0,10,'评论正在审核中!','21111','本田贸易',20,'2023-07-03 02:19:21'),(1151,25,0,10,'评论正在审核中!','21111','本田贸易',20,'2023-07-03 02:19:21'),(1152,25,0,10,'评论正在审核中!','21111','本田贸易',20,'2023-07-03 02:19:22'),(1153,25,0,10,'评论正在审核中!','21111','本田贸易',20,'2023-07-03 02:19:22'),(1154,25,0,10,'评论正在审核中!','21111','本田贸易',20,'2023-07-03 02:19:22'),(1155,25,0,10,'评论正在审核中!','21111','本田贸易',20,'2023-07-03 02:19:22'),(1156,25,0,10,'评论正在审核中!','21111','本田贸易',20,'2023-07-03 02:19:22'),(1157,25,0,10,'评论正在审核中!','21111','本田贸易',20,'2023-07-03 02:19:22'),(1158,25,0,10,'评论正在审核中!','21111','本田贸易',20,'2023-07-03 02:19:22'),(1159,25,0,10,'评论正在审核中!','21111','本田贸易',20,'2023-07-03 02:19:22'),(1160,25,0,10,'评论正在审核中!','21111','本田贸易',20,'2023-07-03 02:19:23'),(1161,25,0,10,'评论正在审核中!','21111','本田贸易',20,'2023-07-03 02:19:23'),(1162,25,0,10,'评论正在审核中!','21111','本田贸易',20,'2023-07-03 02:19:23'),(1163,25,0,10,'评论正在审核中!','21111','本田贸易',20,'2023-07-03 02:19:23'),(1164,25,0,10,'评论正在审核中!','21111','本田贸易',20,'2023-07-03 02:19:23'),(1165,25,0,10,'评论正在审核中!','21111','本田贸易',20,'2023-07-03 02:19:23'),(1166,25,0,10,'评论正在审核中!','21111','本田贸易',20,'2023-07-03 02:19:23'),(1167,25,0,10,'评论正在审核中!','21111','本田贸易',20,'2023-07-03 02:19:24'),(1168,25,0,10,'评论正在审核中!','21111','本田贸易',20,'2023-07-03 02:19:24'),(1169,25,0,10,'评论正在审核中!','21111','本田贸易',20,'2023-07-03 02:19:24'),(1170,25,0,10,'评论正在审核中!','21111','本田贸易',20,'2023-07-03 02:19:24'),(1171,25,0,10,'评论正在审核中!','21111','本田贸易',20,'2023-07-03 02:19:24'),(1172,25,0,10,'评论正在审核中!','21111','本田贸易',20,'2023-07-03 02:19:24'),(1173,25,0,10,'评论正在审核中!','21111','本田贸易',20,'2023-07-03 02:19:24'),(1174,25,0,10,'评论正在审核中!','21111','本田贸易',20,'2023-07-03 02:19:25'),(1175,25,0,10,'评论正在审核中!','21111','本田贸易',20,'2023-07-03 02:19:25'),(1176,25,0,10,'评论正在审核中!','21111','本田贸易',20,'2023-07-03 02:19:25'),(1177,25,0,10,'评论正在审核中!','21111','本田贸易',20,'2023-07-03 02:19:25'),(1178,25,0,10,'评论正在审核中!','21111','本田贸易',20,'2023-07-03 02:19:25'),(1179,25,0,10,'评论正在审核中!','21111','本田贸易',20,'2023-07-03 02:19:25'),(1180,25,0,10,'评论正在审核中!','21111','本田贸易',20,'2023-07-03 02:19:25'),(1181,25,0,10,'评论正在审核中!','21111','本田贸易',20,'2023-07-03 02:19:25'),(1182,25,0,10,'评论正在审核中!','21111','本田贸易',20,'2023-07-03 02:19:26'),(1183,25,0,10,'评论正在审核中!','21111','本田贸易',20,'2023-07-03 02:19:26'),(1184,25,0,10,'评论正在审核中!','21111','本田贸易',20,'2023-07-03 02:19:26'),(1185,25,0,10,'评论正在审核中!','21111','本田贸易',20,'2023-07-03 02:19:26'),(1186,25,0,10,'评论正在审核中!','21111','本田贸易',20,'2023-07-03 02:19:27'),(1187,25,0,10,'评论正在审核中!','21111','本田贸易',20,'2023-07-03 02:19:27'),(1188,25,0,10,'评论正在审核中!','21111','本田贸易',20,'2023-07-03 02:19:27'),(1189,25,0,10,'评论正在审核中!','21111','本田贸易',20,'2023-07-03 02:19:27'),(1190,25,0,10,'评论正在审核中!','21111','本田贸易',20,'2023-07-03 02:19:28'),(1191,25,0,10,'评论正在审核中!','21111','本田贸易',20,'2023-07-03 02:19:28'),(1192,25,0,10,'评论正在审核中!','21111','本田贸易',20,'2023-07-03 02:19:28'),(1193,25,0,10,'评论正在审核中!','21111','本田贸易',20,'2023-07-03 02:19:38'),(1194,25,0,10,'评论正在审核中!','21111','本田贸易',20,'2023-07-03 02:19:38'),(1195,25,0,10,'评论正在审核中!','21111','本田贸易',20,'2023-07-03 02:19:39'),(1196,25,0,10,'评论正在审核中!','21111','本田贸易',20,'2023-07-03 02:19:39'),(1197,25,0,10,'评论正在审核中!','21111','本田贸易',20,'2023-07-03 02:19:39'),(1198,25,0,10,'评论正在审核中!','21111','本田贸易',20,'2023-07-03 02:19:39'),(1199,25,0,10,'评论正在审核中!','21111','本田贸易',20,'2023-07-03 02:19:39'),(1200,25,0,10,'评论正在审核中!','21111','本田贸易',20,'2023-07-03 02:19:39'),(1201,25,0,10,'评论正在审核中!','21111','本田贸易',20,'2023-07-03 02:19:40'),(1202,25,0,10,'评论正在审核中!','21111','本田贸易',20,'2023-07-03 02:19:40'),(1203,25,0,10,'评论正在审核中!','21111','本田贸易',20,'2023-07-03 02:19:40'),(1204,25,0,10,'评论正在审核中!','21111','本田贸易',20,'2023-07-03 02:19:40'),(1205,25,0,10,'评论正在审核中!','21111','本田贸易',20,'2023-07-03 02:19:40'),(1206,25,0,10,'评论正在审核中!','21111','本田贸易',20,'2023-07-03 02:19:40'),(1207,25,0,10,'评论正在审核中!','21111','本田贸易',20,'2023-07-03 02:19:41'),(1208,25,0,10,'评论正在审核中!','21111','本田贸易',20,'2023-07-03 02:19:41'),(1209,25,0,10,'评论正在审核中!','21111','本田贸易',20,'2023-07-03 02:19:41'),(1210,25,0,10,'评论正在审核中!','21111','本田贸易',20,'2023-07-03 02:19:41'),(1211,25,0,10,'评论正在审核中!','21111','本田贸易',20,'2023-07-03 02:19:41'),(1212,25,0,10,'评论正在审核中!','21111','本田贸易',20,'2023-07-03 02:19:41'),(1213,25,0,10,'评论正在审核中!','21111','本田贸易',20,'2023-07-03 02:19:42'),(1214,25,0,10,'评论正在审核中!','21111','本田贸易',20,'2023-07-03 02:19:42'),(1215,25,0,10,'评论正在审核中!','21111','本田贸易',20,'2023-07-03 02:19:42'),(1216,25,0,10,'评论正在审核中!','21111','本田贸易',20,'2023-07-03 02:19:42'),(1217,25,0,10,'评论正在审核中!','21111','本田贸易',20,'2023-07-03 02:19:42'),(1218,25,0,10,'评论正在审核中!','21111','本田贸易',20,'2023-07-03 02:19:42'),(1219,25,0,10,'评论正在审核中!','21111','本田贸易',20,'2023-07-03 02:19:42'),(1220,25,0,10,'评论正在审核中!','21111','本田贸易',20,'2023-07-03 02:19:43'),(1221,25,0,10,'评论正在审核中!','21111','本田贸易',20,'2023-07-03 02:19:43'),(1222,25,0,10,'评论正在审核中!','21111','本田贸易',20,'2023-07-03 02:19:43'),(1223,25,0,10,'评论正在审核中!','21111','本田贸易',20,'2023-07-03 02:19:43'),(1224,25,0,10,'评论正在审核中!','21111','本田贸易',20,'2023-07-03 02:19:43'),(1225,25,0,10,'评论正在审核中!','21111','本田贸易',20,'2023-07-03 02:19:43'),(1226,25,0,10,'评论正在审核中!','21111','本田贸易',20,'2023-07-03 02:19:44'),(1227,25,0,10,'评论正在审核中!','21111','本田贸易',20,'2023-07-03 02:19:44'),(1228,25,0,10,'评论正在审核中!','21111','本田贸易',20,'2023-07-03 02:19:44'),(1229,25,0,10,'评论正在审核中!','21111','本田贸易',20,'2023-07-03 02:19:44'),(1230,25,0,10,'评论正在审核中!','21111','本田贸易',20,'2023-07-03 02:19:44'),(1231,25,0,10,'评论正在审核中!','21111','本田贸易',20,'2023-07-03 02:19:44'),(1232,25,0,10,'评论正在审核中!','21111','本田贸易',20,'2023-07-03 02:19:44'),(1233,25,0,10,'评论正在审核中!','21111','本田贸易',20,'2023-07-03 02:19:44'),(1234,25,0,10,'评论正在审核中!','21111','本田贸易',20,'2023-07-03 02:19:45'),(1235,25,0,10,'评论正在审核中!','21111','本田贸易',20,'2023-07-03 02:19:45'),(1236,25,0,10,'评论正在审核中!','21111','本田贸易',20,'2023-07-03 02:19:45'),(1237,25,0,10,'评论正在审核中!','21111','本田贸易',20,'2023-07-03 02:19:45'),(1238,25,0,10,'评论正在审核中!','21111','本田贸易',20,'2023-07-03 02:19:45'),(1239,25,0,10,'评论正在审核中!','21111','本田贸易',20,'2023-07-03 02:19:45'),(1240,25,0,10,'评论正在审核中!','21111','本田贸易',20,'2023-07-03 02:19:56'),(1241,25,0,10,'评论正在审核中!','21111','本田贸易',20,'2023-07-03 02:19:56'),(1242,25,0,10,'评论正在审核中!','21111','本田贸易',20,'2023-07-03 02:19:56'),(1243,25,0,10,'评论正在审核中!','21111','本田贸易',20,'2023-07-03 02:19:56'),(1244,25,0,10,'评论正在审核中!','21111','本田贸易',20,'2023-07-03 02:19:56'),(1245,25,0,10,'评论正在审核中!','21111','本田贸易',20,'2023-07-03 02:19:56'),(1246,25,0,10,'评论正在审核中!','21111','本田贸易',20,'2023-07-03 02:19:56'),(1247,25,0,10,'评论正在审核中!','21111','本田贸易',20,'2023-07-03 02:19:57'),(1248,25,0,10,'评论正在审核中!','21111','本田贸易',20,'2023-07-03 02:19:57'),(1249,25,0,10,'评论正在审核中!','21111','本田贸易',20,'2023-07-03 02:19:57'),(1250,25,0,10,'评论正在审核中!','21111','本田贸易',20,'2023-07-03 02:19:57'),(1251,25,0,10,'评论正在审核中!','21111','本田贸易',20,'2023-07-03 02:19:57'),(1252,25,0,10,'评论正在审核中!','21111','本田贸易',20,'2023-07-03 02:19:57'),(1253,25,0,10,'评论正在审核中!','21111','本田贸易',20,'2023-07-03 02:19:57'),(1254,25,0,10,'评论正在审核中!','21111','本田贸易',20,'2023-07-03 02:19:58'),(1255,25,0,10,'评论正在审核中!','21111','本田贸易',20,'2023-07-03 02:19:58'),(1256,25,0,10,'评论正在审核中!','21111','本田贸易',20,'2023-07-03 02:19:58'),(1257,25,0,10,'评论正在审核中!','21111','本田贸易',20,'2023-07-03 02:19:58'),(1258,25,0,10,'评论正在审核中!','21111','本田贸易',20,'2023-07-03 02:19:58'),(1259,25,0,10,'评论正在审核中!','21111','本田贸易',20,'2023-07-03 02:19:58'),(1260,25,0,10,'评论正在审核中!','21111','本田贸易',20,'2023-07-03 02:19:59'),(1261,25,0,10,'评论正在审核中!','21111','本田贸易',20,'2023-07-03 02:19:59'),(1262,25,0,10,'评论正在审核中!','21111','本田贸易',20,'2023-07-03 02:19:59'),(1263,25,0,10,'评论正在审核中!','21111','本田贸易',20,'2023-07-03 02:19:59'),(1264,25,0,10,'评论正在审核中!','21111','本田贸易',20,'2023-07-03 02:19:59'),(1265,25,0,10,'评论正在审核中!','21111','本田贸易',20,'2023-07-03 02:19:59'),(1266,25,0,10,'评论正在审核中!','21111','本田贸易',20,'2023-07-03 02:20:00'),(1267,25,0,10,'评论正在审核中!','21111','本田贸易',20,'2023-07-03 02:20:01'),(1268,25,0,10,'评论正在审核中!','21111','本田贸易',20,'2023-07-03 02:20:01'),(1269,25,0,10,'评论正在审核中!','21111','本田贸易',20,'2023-07-03 02:20:01'),(1270,25,0,10,'评论正在审核中!','21111','本田贸易',20,'2023-07-03 02:20:01'),(1271,25,0,10,'评论正在审核中!','21111','本田贸易',20,'2023-07-03 02:20:01'),(1272,25,0,10,'评论正在审核中!','21111','本田贸易',20,'2023-07-03 02:20:02'),(1273,25,0,10,'评论正在审核中!','21111','本田贸易',20,'2023-07-03 02:20:02'),(1274,25,0,10,'评论正在审核中!','21111','本田贸易',20,'2023-07-03 02:20:02'),(1275,25,0,10,'评论正在审核中!','21111','本田贸易',20,'2023-07-03 02:20:02'),(1276,25,0,10,'评论正在审核中!','21111','本田贸易',20,'2023-07-03 02:20:02'),(1277,25,0,10,'评论正在审核中!','21111','本田贸易',20,'2023-07-03 02:20:02'),(1278,25,0,10,'评论正在审核中!','21111','本田贸易',20,'2023-07-03 02:20:02'),(1279,25,0,10,'评论正在审核中!','21111','本田贸易',20,'2023-07-03 02:20:03'),(1280,25,0,10,'评论正在审核中!','21111','本田贸易',20,'2023-07-03 02:20:03'),(1281,25,0,10,'评论正在审核中!','21111','本田贸易',20,'2023-07-03 02:20:03'),(1282,25,0,10,'评论正在审核中!','21111','本田贸易',20,'2023-07-03 02:20:03'),(1283,25,0,10,'评论正在审核中!','21111','本田贸易',20,'2023-07-03 02:20:03'),(1284,25,0,10,'评论正在审核中!','21111','本田贸易',20,'2023-07-03 02:20:03'),(1285,25,0,10,'评论正在审核中!','21111','本田贸易',20,'2023-07-03 02:20:04'),(1286,25,0,10,'评论正在审核中!','21111','本田贸易',20,'2023-07-03 02:20:04'),(1287,25,0,10,'评论正在审核中!','21111','本田贸易',20,'2023-07-03 02:20:04'),(1288,25,0,10,'评论正在审核中!','21111','本田贸易',20,'2023-07-03 02:20:04'),(1289,25,0,10,'评论正在审核中!','21111','本田贸易',20,'2023-07-03 02:20:04'),(1290,25,0,10,'评论正在审核中!','21111','本田贸易',20,'2023-07-03 02:20:04'),(1291,25,0,10,'评论正在审核中!','21111','本田贸易',20,'2023-07-03 02:20:05'),(1292,25,0,10,'评论正在审核中!','21111','本田贸易',20,'2023-07-03 02:20:05'),(1293,25,0,10,'评论正在审核中!','21111','本田贸易',20,'2023-07-03 02:20:05'),(1294,25,0,10,'评论正在审核中!','21111','本田贸易',20,'2023-07-03 02:20:05'),(1295,25,0,10,'评论正在审核中!','21111','本田贸易',20,'2023-07-03 02:20:05'),(1296,25,0,10,'评论正在审核中!','21111','本田贸易',20,'2023-07-03 02:20:05'),(1297,25,0,10,'评论正在审核中!','21111','本田贸易',20,'2023-07-03 02:20:06'),(1298,25,0,10,'评论正在审核中!','21111','本田贸易',20,'2023-07-03 02:20:06'),(1299,25,0,10,'评论正在审核中!','21111','本田贸易',20,'2023-07-03 02:20:06'),(1300,25,0,10,'评论正在审核中!','21111','本田贸易',20,'2023-07-03 02:20:06'),(1301,25,0,10,'评论正在审核中!','21111','本田贸易',20,'2023-07-03 02:20:06'),(1302,25,0,10,'评论正在审核中!','21111','本田贸易',20,'2023-07-03 02:20:07'),(1303,25,0,10,'评论正在审核中!','21111','本田贸易',20,'2023-07-03 02:20:07'),(1304,25,0,10,'评论正在审核中!','21111','本田贸易',20,'2023-07-03 02:20:07'),(1305,25,0,10,'评论正在审核中!','21111','本田贸易',20,'2023-07-03 02:20:07'),(1306,25,0,10,'评论正在审核中!','21111','本田贸易',20,'2023-07-03 02:20:07'),(1307,25,0,10,'评论正在审核中!','21111','本田贸易',20,'2023-07-03 02:20:07'),(1308,25,0,10,'评论正在审核中!','21111','本田贸易',20,'2023-07-03 02:20:08'),(1309,25,0,10,'评论正在审核中!','21111','本田贸易',20,'2023-07-03 02:20:08'),(1310,25,0,10,'评论正在审核中!','21111','本田贸易',20,'2023-07-03 02:20:08'),(1311,25,0,10,'评论正在审核中!','21111','本田贸易',20,'2023-07-03 02:20:08'),(1312,25,0,10,'评论正在审核中!','21111','本田贸易',20,'2023-07-03 02:20:09'),(1313,25,0,10,'评论正在审核中!','21111','本田贸易',20,'2023-07-03 02:20:09'),(1314,25,0,10,'评论正在审核中!','21111','本田贸易',20,'2023-07-03 02:20:09'),(1315,25,0,10,'评论正在审核中!','21111','本田贸易',20,'2023-07-03 02:20:09'),(1316,25,0,10,'评论正在审核中!','21111','本田贸易',20,'2023-07-03 02:20:09'),(1317,25,0,10,'评论正在审核中!','21111','本田贸易',20,'2023-07-03 02:20:09'),(1318,25,0,10,'评论正在审核中!','21111','本田贸易',20,'2023-07-03 02:20:09'),(1319,25,0,10,'评论正在审核中!','21111','本田贸易',20,'2023-07-03 02:20:10'),(1320,25,0,10,'评论正在审核中!','21111','本田贸易',20,'2023-07-03 02:20:10'),(1321,25,0,10,'评论正在审核中!','21111','本田贸易',20,'2023-07-03 02:20:10'),(1322,25,0,10,'评论正在审核中!','21111','本田贸易',20,'2023-07-03 02:20:10'),(1323,25,0,10,'评论正在审核中!','21111','本田贸易',20,'2023-07-03 02:20:10'),(1324,25,0,10,'评论正在审核中!','21111','本田贸易',20,'2023-07-03 02:20:10'),(1325,25,0,10,'评论正在审核中!','21111','本田贸易',20,'2023-07-03 02:20:11'),(1326,25,0,10,'评论正在审核中!','21111','本田贸易',20,'2023-07-03 02:20:11'),(1327,25,0,10,'评论正在审核中!','21111','本田贸易',20,'2023-07-03 02:20:11'),(1328,25,0,10,'评论正在审核中!','21111','本田贸易',20,'2023-07-03 02:20:11'),(1329,25,0,10,'评论正在审核中!','21111','本田贸易',20,'2023-07-03 02:20:12'),(1330,25,0,10,'评论正在审核中!','21111','本田贸易',20,'2023-07-03 02:20:12'),(1331,25,0,10,'评论正在审核中!','21111','本田贸易',20,'2023-07-03 02:20:12'),(1332,25,0,10,'评论正在审核中!','21111','本田贸易',20,'2023-07-03 02:20:13'),(1333,25,0,10,'评论正在审核中!','21111','本田贸易',20,'2023-07-03 02:20:13'),(1334,25,0,10,'评论正在审核中!','21111','本田贸易',20,'2023-07-03 02:20:13'),(1335,25,0,10,'评论正在审核中!','21111','本田贸易',20,'2023-07-03 02:20:14'),(1336,25,0,10,'评论正在审核中!','21111','本田贸易',20,'2023-07-03 02:20:14'),(1337,25,0,10,'评论正在审核中!','21111','本田贸易',20,'2023-07-03 02:20:14'),(1338,25,0,10,'评论正在审核中!','21111','本田贸易',20,'2023-07-03 02:20:14'),(1339,25,0,10,'评论正在审核中!','21111','本田贸易',20,'2023-07-03 02:20:15'),(1340,25,0,10,'评论正在审核中!','21111','本田贸易',20,'2023-07-03 02:20:15'),(1341,25,0,10,'评论正在审核中!','21111','本田贸易',20,'2023-07-03 02:20:15'),(1342,25,0,10,'评论正在审核中!','21111','本田贸易',20,'2023-07-03 02:20:15'),(1343,25,0,10,'评论正在审核中!','21111','本田贸易',20,'2023-07-03 02:20:15'),(1344,25,0,10,'评论正在审核中!','21111','本田贸易',20,'2023-07-03 02:20:16'),(1345,25,0,10,'评论正在审核中!','21111','本田贸易',20,'2023-07-03 02:20:16'),(1346,25,0,10,'评论正在审核中!','21111','本田贸易',20,'2023-07-03 02:20:16'),(1347,25,0,10,'评论正在审核中!','21111','本田贸易',20,'2023-07-03 02:20:16'),(1348,25,0,10,'评论正在审核中!','21111','本田贸易',20,'2023-07-03 02:20:16'),(1349,25,0,10,'评论正在审核中!','21111','本田贸易',20,'2023-07-03 02:20:17'),(1350,25,0,10,'评论正在审核中!','21111','本田贸易',20,'2023-07-03 02:20:17'),(1351,25,0,10,'评论正在审核中!','21111','本田贸易',20,'2023-07-03 02:20:17'),(1352,25,0,10,'评论正在审核中!','21111','本田贸易',20,'2023-07-03 02:20:17'),(1353,25,0,10,'评论正在审核中!','21111','本田贸易',20,'2023-07-03 02:20:17'),(1354,25,0,10,'评论正在审核中!','21111','本田贸易',20,'2023-07-03 02:20:17'),(1355,25,0,10,'评论正在审核中!','21111','本田贸易',20,'2023-07-03 02:20:18'),(1356,25,0,10,'评论正在审核中!','21111','本田贸易',20,'2023-07-03 02:20:18'),(1357,25,0,10,'评论正在审核中!','21111','本田贸易',20,'2023-07-03 02:20:18'),(1358,25,0,10,'评论正在审核中!','21111','本田贸易',20,'2023-07-03 02:20:18'),(1359,25,0,10,'评论正在审核中!','21111','本田贸易',20,'2023-07-03 02:20:18'),(1360,25,0,10,'评论正在审核中!','21111','本田贸易',20,'2023-07-03 02:20:18'),(1361,25,0,10,'评论正在审核中!','21111','本田贸易',20,'2023-07-03 02:20:19'),(1362,25,0,10,'评论正在审核中!','21111','本田贸易',20,'2023-07-03 02:20:19'),(1363,25,0,10,'评论正在审核中!','21111','本田贸易',20,'2023-07-03 02:20:19'),(1364,25,0,10,'评论正在审核中!','21111','本田贸易',20,'2023-07-03 02:20:19'),(1365,25,0,10,'评论正在审核中!','21111','本田贸易',20,'2023-07-03 02:20:19'),(1366,25,0,10,'评论正在审核中!','21111','本田贸易',20,'2023-07-03 02:20:20'),(1367,25,0,10,'评论正在审核中!','21111','本田贸易',20,'2023-07-03 02:20:20'),(1368,25,0,10,'评论正在审核中!','21111','本田贸易',20,'2023-07-03 02:20:20'),(1369,25,0,10,'评论正在审核中!','21111','本田贸易',20,'2023-07-03 02:20:20'),(1370,25,0,10,'评论正在审核中!','21111','本田贸易',20,'2023-07-03 02:20:20'),(1371,25,0,10,'评论正在审核中!','21111','本田贸易',20,'2023-07-03 02:20:20'),(1372,25,0,10,'评论正在审核中!','21111','本田贸易',20,'2023-07-03 02:20:21'),(1373,25,0,10,'评论正在审核中!','21111','本田贸易',20,'2023-07-03 02:20:21'),(1374,25,0,10,'评论正在审核中!','21111','本田贸易',20,'2023-07-03 02:20:21'),(1375,25,0,10,'评论正在审核中!','21111','本田贸易',20,'2023-07-03 02:20:21'),(1376,25,0,10,'评论正在审核中!','21111','本田贸易',20,'2023-07-03 02:20:21'),(1377,25,0,10,'评论正在审核中!','21111','本田贸易',20,'2023-07-03 02:20:21'),(1378,25,0,10,'评论正在审核中!','21111','本田贸易',20,'2023-07-03 02:20:21'),(1379,25,0,10,'评论正在审核中!','21111','本田贸易',20,'2023-07-03 02:20:22'),(1380,25,0,10,'评论正在审核中!','21111','本田贸易',20,'2023-07-03 02:20:22'),(1381,25,0,10,'评论正在审核中!','21111','本田贸易',20,'2023-07-03 02:20:22'),(1382,25,0,10,'评论正在审核中!','21111','本田贸易',20,'2023-07-03 02:20:22'),(1383,25,0,10,'评论正在审核中!','21111','本田贸易',20,'2023-07-03 02:20:22'),(1384,25,0,10,'评论正在审核中!','21111','本田贸易',20,'2023-07-03 02:20:23'),(1385,25,0,10,'评论正在审核中!','21111','本田贸易',20,'2023-07-03 02:20:23'),(1386,25,0,10,'评论正在审核中!','21111','本田贸易',20,'2023-07-03 02:20:23'),(1387,25,0,10,'评论正在审核中!','21111','本田贸易',20,'2023-07-03 02:20:23'),(1388,25,0,10,'评论正在审核中!','21111','本田贸易',20,'2023-07-03 02:20:23'),(1389,25,0,10,'评论正在审核中!','21111','本田贸易',20,'2023-07-03 02:20:23'),(1390,25,0,10,'评论正在审核中!','21111','本田贸易',20,'2023-07-03 02:20:24'),(1391,25,0,10,'评论正在审核中!','21111','本田贸易',20,'2023-07-03 02:20:24'),(1392,25,0,10,'评论正在审核中!','21111','本田贸易',20,'2023-07-03 02:20:24'),(1393,25,0,10,'评论正在审核中!','21111','本田贸易',20,'2023-07-03 02:20:24'),(1394,25,0,10,'评论正在审核中!','21111','本田贸易',20,'2023-07-03 02:20:24'),(1395,25,0,10,'评论正在审核中!','21111','本田贸易',20,'2023-07-03 02:20:24'),(1396,25,0,10,'评论正在审核中!','21111','本田贸易',20,'2023-07-03 02:20:25'),(1397,25,0,10,'评论正在审核中!','21111','本田贸易',20,'2023-07-03 02:20:25'),(1398,25,0,10,'评论正在审核中!','21111','本田贸易',20,'2023-07-03 02:20:25'),(1399,25,0,10,'评论正在审核中!','21111','本田贸易',20,'2023-07-03 02:20:25'),(1400,25,0,10,'评论正在审核中!','21111','本田贸易',20,'2023-07-03 02:20:25'),(1401,25,0,10,'评论正在审核中!','21111','本田贸易',20,'2023-07-03 02:20:26'),(1402,25,0,10,'评论正在审核中!','21111','本田贸易',20,'2023-07-03 02:20:26'),(1403,25,0,10,'评论正在审核中!','21111','本田贸易',20,'2023-07-03 02:20:26'),(1404,25,0,10,'评论正在审核中!','21111','本田贸易',20,'2023-07-03 02:20:26'),(1405,25,0,10,'评论正在审核中!','21111','本田贸易',20,'2023-07-03 02:20:26'),(1406,25,0,10,'评论正在审核中!','21111','本田贸易',20,'2023-07-03 02:20:26'),(1407,25,0,10,'评论正在审核中!','21111','本田贸易',20,'2023-07-03 02:20:26'),(1408,25,0,10,'评论正在审核中!','21111','本田贸易',20,'2023-07-03 02:20:27'),(1409,25,0,10,'评论正在审核中!','21111','本田贸易',20,'2023-07-03 02:20:37'),(1410,25,0,10,'评论正在审核中!','21111','本田贸易',20,'2023-07-03 02:20:37'),(1411,25,0,10,'评论正在审核中!','21111','本田贸易',20,'2023-07-03 02:20:37'),(1412,25,0,10,'评论正在审核中!','21111','本田贸易',20,'2023-07-03 02:20:37'),(1413,25,0,10,'评论正在审核中!','21111','本田贸易',20,'2023-07-03 02:20:37'),(1414,25,0,10,'评论正在审核中!','21111','本田贸易',20,'2023-07-03 02:20:37'),(1415,25,0,10,'评论正在审核中!','21111','本田贸易',20,'2023-07-03 02:20:38'),(1416,25,0,10,'评论正在审核中!','21111','本田贸易',20,'2023-07-03 02:20:38'),(1417,25,0,10,'评论正在审核中!','21111','本田贸易',20,'2023-07-03 02:20:38'),(1418,25,0,10,'评论正在审核中!','21111','本田贸易',20,'2023-07-03 02:20:38'),(1419,25,0,10,'评论正在审核中!','21111','本田贸易',20,'2023-07-03 02:20:38'),(1420,25,0,10,'评论正在审核中!','21111','本田贸易',20,'2023-07-03 02:20:38'),(1421,25,0,10,'评论正在审核中!','21111','本田贸易',20,'2023-07-03 02:20:38'),(1422,25,0,10,'评论正在审核中!','21111','本田贸易',20,'2023-07-03 02:20:39'),(1423,25,0,10,'评论正在审核中!','21111','本田贸易',20,'2023-07-03 02:20:39'),(1424,25,0,10,'评论正在审核中!','21111','本田贸易',20,'2023-07-03 02:20:39'),(1425,25,0,10,'评论正在审核中!','21111','本田贸易',20,'2023-07-03 02:20:39'),(1426,25,0,10,'评论正在审核中!','21111','本田贸易',20,'2023-07-03 02:20:39'),(1427,25,0,10,'评论正在审核中!','21111','本田贸易',20,'2023-07-03 02:20:40'),(1428,25,0,10,'评论正在审核中!','21111','本田贸易',20,'2023-07-03 02:20:40'),(1429,25,0,10,'评论正在审核中!','21111','本田贸易',20,'2023-07-03 02:20:40'),(1430,25,0,10,'评论正在审核中!','21111','本田贸易',20,'2023-07-03 02:20:40'),(1431,25,0,10,'评论正在审核中!','21111','本田贸易',20,'2023-07-03 02:20:40'),(1432,25,0,10,'评论正在审核中!','21111','本田贸易',20,'2023-07-03 02:20:46'),(1433,25,0,10,'评论正在审核中!','21111','本田贸易',20,'2023-07-03 02:20:48'),(1434,25,0,10,'评论正在审核中!','21111','本田贸易',20,'2023-07-03 02:20:48'),(1435,25,0,10,'评论正在审核中!','21111','本田贸易',20,'2023-07-03 02:20:48'),(1436,25,0,10,'评论正在审核中!','21111','本田贸易',20,'2023-07-03 02:20:48'),(1437,25,0,10,'评论正在审核中!','21111','本田贸易',20,'2023-07-03 02:20:48'),(1438,25,0,10,'评论正在审核中!','21111','本田贸易',20,'2023-07-03 02:20:48'),(1439,25,0,10,'评论正在审核中!','21111','本田贸易',20,'2023-07-03 02:20:48'),(1440,25,0,10,'评论正在审核中!','21111','本田贸易',20,'2023-07-03 02:20:49');

--
-- Table structure for table `t_hc_community_consult`
--

DROP TABLE IF EXISTS `t_hc_community_consult`;
/*!40101 SET @saved_cs_client     = @@character_set_client */;
/*!50503 SET character_set_client = utf8mb4 */;
CREATE TABLE `t_hc_community_consult` (
  `id` int NOT NULL AUTO_INCREMENT COMMENT '主键id',
  `userId` varchar(255) DEFAULT NULL COMMENT '用户id',
  `userName` varchar(255) DEFAULT NULL COMMENT '用户头像',
  `userAvatar` varchar(255) DEFAULT NULL COMMENT '用户头像',
  `anotherId` varchar(255) DEFAULT NULL COMMENT '专家ID',
  `anotherName` varchar(255) DEFAULT NULL COMMENT '专家名称',
  `anotherAvatar` varchar(255) DEFAULT NULL COMMENT '专家头像',
  PRIMARY KEY (`id`)
) ENGINE=InnoDB AUTO_INCREMENT=46 DEFAULT CHARSET=utf8mb4 COLLATE=utf8mb4_0900_ai_ci COMMENT='专家咨询主表';
/*!40101 SET character_set_client = @saved_cs_client */;

--
-- Dumping data for table `t_hc_community_consult`
--

INSERT INTO `t_hc_community_consult` VALUES (33,'C010019','企业管理员','https://www.ibaosteel.com/ibaosteel/static/community/avatar/user.png','1','鲍平','https://www.ibaosteel.com/ibaosteel/static/community/expert/4213_s.jpeg'),(34,'U01377','管理员','https://www.ibaosteel.com/ibaosteel/static/community/avatar/user.png','1','鲍平','https://www.ibaosteel.com/ibaosteel/static/community/expert/4213_s.jpeg'),(35,'C010019','企业管理员','https://www.ibaosteel.com/ibaosteel/static/community/avatar/user.png','2','张琦','https://www.ibaosteel.com/ibaosteel/static/community/expert/4222.jpeg'),(36,'C010019','企业管理员','https://www.ibaosteel.com/ibaosteel/static/community/avatar/user.png','16','张琦','https://www.ibaosteel.com/ibaosteel/static/community/expert/4506.jpeg'),(37,'C216509','华中测试','https://www.ibaosteel.com/ibaosteel/static/community/avatar/user.png','7','田新芳','https://www.ibaosteel.com/ibaosteel/static/community/expert/7935.jpeg'),(38,'C216509','华中测试','https://www.ibaosteel.com/ibaosteel/static/community/avatar/user.png','17','朱晓东','https://www.ibaosteel.com/ibaosteel/static/community/expert/5482.jpeg'),(39,'C216509','华中测试','https://www.ibaosteel.com/ibaosteel/static/community/avatar/user.png','1','鲍平','https://www.ibaosteel.com/ibaosteel/static/community/expert/4213_s.jpeg'),(40,'C22222300018','小小','https://www.ibaosteel.com/ibaosteel/static/community/avatar/user.png','1','鲍平','https://www.ibaosteel.com/ibaosteel/static/community/expert/4213_s.jpeg'),(41,'C216509','华中测试','https://www.ibaosteel.com/ibaosteel/static/community/avatar/user.png','3','朱晓东','https://www.ibaosteel.com/ibaosteel/static/community/expert/4506.jpeg'),(42,'C216509','华中测试','https://www.ibaosteel.com/ibaosteel/static/community/avatar/user.png','2','张琦','https://www.ibaosteel.com/ibaosteel/static/community/expert/4222.jpeg'),(43,'C22222300018','小小','https://www.ibaosteel.com/ibaosteel/static/community/avatar/user.png','2','张琦','https://www.ibaosteel.com/ibaosteel/static/community/expert/4222.jpeg'),(44,'C00299500029','罗瑜','https://www.ibaosteel.com/ibaosteel/static/community/avatar/user.png','1','鲍平','https://www.ibaosteel.com/ibaosteel/static/community/expert/4213_s.jpeg'),(45,'C00299500018','原亮','https://www.ibaosteel.com/ibaosteel/static/community/avatar/user.png','2','张琦','https://www.ibaosteel.com/ibaosteel/static/community/expert/4222.jpeg');

--
-- Table structure for table `t_hc_community_consultdetails`
--

DROP TABLE IF EXISTS `t_hc_community_consultdetails`;
/*!40101 SET @saved_cs_client     = @@character_set_client */;
/*!50503 SET character_set_client = utf8mb4 */;
CREATE TABLE `t_hc_community_consultdetails` (
  `id` int NOT NULL AUTO_INCREMENT COMMENT '自增ID',
  `chatId` int DEFAULT NULL COMMENT '主表聊天id',
  `userId` varchar(255) DEFAULT NULL COMMENT '消息所有者id',
  `userName` varchar(255) DEFAULT NULL COMMENT '用户头像',
  `userAvatar` varchar(255) DEFAULT NULL COMMENT '用户头像',
  `content` varchar(255) DEFAULT NULL COMMENT '聊天内容',
  `time` datetime DEFAULT NULL COMMENT '发送时间',
  `isLatest` int DEFAULT '1' COMMENT '是不是最后一条消息（默认1）',
  `type` int DEFAULT NULL COMMENT '消息类型 1 当前用户本身  2 对方用户',
  PRIMARY KEY (`id`)
) ENGINE=InnoDB AUTO_INCREMENT=186 DEFAULT CHARSET=utf8mb4 COLLATE=utf8mb4_0900_ai_ci COMMENT='专家咨询详情';
/*!40101 SET character_set_client = @saved_cs_client */;

--
-- Dumping data for table `t_hc_community_consultdetails`
--

INSERT INTO `t_hc_community_consultdetails` VALUES (145,33,'C010019','企业管理员','https://www.ibaosteel.com/ibaosteel/static/community/avatar/user.png','1','2023-02-15 01:48:26',0,2),(146,33,'C010019','企业管理员','https://www.ibaosteel.com/ibaosteel/static/community/avatar/user.png','1','2023-02-15 01:50:11',0,2),(147,34,'U01377','管理员','https://www.ibaosteel.com/ibaosteel/static/community/avatar/user.png','11111111111111111111111111111','2023-02-15 01:50:52',0,2),(148,33,'C010019','企业管理员','https://www.ibaosteel.com/ibaosteel/static/community/avatar/user.png','1','2023-02-15 01:51:55',0,2),(149,33,'C010019','企业管理员','https://www.ibaosteel.com/ibaosteel/static/community/avatar/user.png','1','2023-02-15 01:53:25',0,2),(150,33,'C010019','企业管理员','https://www.ibaosteel.com/ibaosteel/static/community/avatar/user.png','1','2023-02-15 01:59:55',0,2),(151,35,'C010019','企业管理员','https://www.ibaosteel.com/ibaosteel/static/community/avatar/user.png','1','2023-02-15 02:00:16',0,2),(152,33,'C010019','企业管理员','https://www.ibaosteel.com/ibaosteel/static/community/avatar/user.png','嘤嘤嘤','2023-02-15 02:00:25',0,2),(153,35,'C010019','企业管理员','https://www.ibaosteel.com/ibaosteel/static/community/avatar/user.png','咕咕咕','2023-02-15 02:00:49',0,2),(154,36,'C010019','企业管理员','https://www.ibaosteel.com/ibaosteel/static/community/avatar/user.png','1','2023-02-15 02:08:16',0,2),(155,33,'C010019','企业管理员','https://www.ibaosteel.com/ibaosteel/static/community/avatar/user.png','1','2023-02-15 02:08:55',0,2),(156,33,'C010019','企业管理员','https://www.ibaosteel.com/ibaosteel/static/community/avatar/user.png','1','2023-02-15 02:09:59',0,2),(157,37,'C216509','华中测试','https://www.ibaosteel.com/ibaosteel/static/community/avatar/user.png','1','2023-02-15 02:46:56',0,2),(158,37,'C216509','华中测试','https://www.ibaosteel.com/ibaosteel/static/community/avatar/user.png','T','2023-02-15 02:47:32',0,2),(159,33,'XH001','小慧','https://www.ibaosteel.com/ibaosteel/static/community/avatar/xiaohui.png','测试','2023-02-15 02:51:34',1,2),(160,34,'XH001','小慧','https://www.ibaosteel.com/ibaosteel/static/community/avatar/xiaohui.png','测试','2023-02-15 02:51:41',1,2),(161,35,'XH001','小慧','https://www.ibaosteel.com/ibaosteel/static/community/avatar/xiaohui.png','测试','2023-02-15 02:51:47',1,2),(162,36,'XH001','小慧','https://www.ibaosteel.com/ibaosteel/static/community/avatar/xiaohui.png','测试','2023-02-15 02:51:51',1,2),(163,37,'XH001','小慧','https://www.ibaosteel.com/ibaosteel/static/community/avatar/xiaohui.png','测试','2023-02-15 02:51:58',1,2),(164,38,'C216509','华中测试','https://www.ibaosteel.com/ibaosteel/static/community/avatar/user.png','1','2023-02-15 03:25:14',0,2),(165,38,'C216509','华中测试','https://www.ibaosteel.com/ibaosteel/static/community/avatar/user.png','2','2023-02-15 03:25:30',1,2),(166,37,'C216509','华中测试','https://www.ibaosteel.com/ibaosteel/static/community/avatar/user.png','1','2023-02-15 03:25:51',1,2),(167,39,'C216509','华中测试','https://www.ibaosteel.com/ibaosteel/static/community/avatar/user.png','1','2023-02-15 03:32:07',0,2),(168,39,'C216509','华中测试','https://www.ibaosteel.com/ibaosteel/static/community/avatar/user.png','1','2023-02-15 03:32:21',0,2),(169,39,'C216509','华中测试','https://www.ibaosteel.com/ibaosteel/static/community/avatar/user.png','1','2023-02-16 11:02:04',0,2),(170,39,'C216509','华中测试','https://www.ibaosteel.com/ibaosteel/static/community/avatar/user.png','1','2023-02-16 11:03:05',0,2),(171,40,'C22222300018','小小','https://www.ibaosteel.com/ibaosteel/static/community/avatar/user.png','ces','2023-02-16 01:12:00',0,2),(172,39,'C216509','华中测试','https://www.ibaosteel.com/ibaosteel/static/community/avatar/user.png','1','2023-02-17 10:39:17',0,2),(173,39,'C216509','华中测试','https://www.ibaosteel.com/ibaosteel/static/community/avatar/user.png','1','2023-02-17 10:39:32',0,2),(174,39,'C216509','华中测试','https://www.ibaosteel.com/ibaosteel/static/community/avatar/user.png','1','2023-02-17 11:03:32',1,2),(175,41,'C216509','华中测试','https://www.ibaosteel.com/ibaosteel/static/community/avatar/user.png','1','2023-02-17 02:24:44',1,2),(176,40,'C22222300018','小小','https://www.ibaosteel.com/ibaosteel/static/community/avatar/user.png','测试测试','2023-02-17 02:25:27',0,2),(177,42,'C216509','华中测试','https://www.ibaosteel.com/ibaosteel/static/community/avatar/user.png','1','2023-02-17 02:25:52',1,2),(178,40,'C22222300018','小小','https://www.ibaosteel.com/ibaosteel/static/community/avatar/user.png','呵呵哒','2023-02-17 02:31:36',0,2),(179,40,'C22222300018','小小','https://www.ibaosteel.com/ibaosteel/static/community/avatar/user.png','1','2023-02-17 02:34:15',0,2),(180,43,'C22222300018','小小','https://www.ibaosteel.com/ibaosteel/static/community/avatar/user.png','1','2023-02-17 02:34:26',1,2),(181,40,'C22222300018','小小','https://www.ibaosteel.com/ibaosteel/static/community/avatar/user.png','1','2023-02-17 02:34:53',1,2),(182,44,'C00299500029','罗瑜','https://www.ibaosteel.com/ibaosteel/static/community/avatar/user.png','1','2023-03-07 02:50:26',0,2),(183,44,'C00299500029','罗瑜','https://www.ibaosteel.com/ibaosteel/static/community/avatar/user.png','在吗？有问题要咨询您！','2023-03-07 02:51:18',0,2),(184,44,'C00299500029','罗瑜','https://www.ibaosteel.com/ibaosteel/static/community/avatar/user.png','在吗？有问题要咨询您！','2023-03-07 03:27:47',1,2),(185,45,'C00299500018','原亮','https://www.ibaosteel.com/ibaosteel/static/community/avatar/user.png','顶顶顶顶','2023-04-23 01:43:56',1,2);

--
-- Table structure for table `t_hc_community_consultlist`
--

DROP TABLE IF EXISTS `t_hc_community_consultlist`;
/*!40101 SET @saved_cs_client     = @@character_set_client */;
/*!50503 SET character_set_client = utf8mb4 */;
CREATE TABLE `t_hc_community_consultlist` (
  `id` int NOT NULL AUTO_INCREMENT COMMENT '自增ID',
  `chatId` int DEFAULT NULL COMMENT '聊天主表id',
  `userId` varchar(255) DEFAULT NULL COMMENT '用户id',
  `userName` varchar(255) DEFAULT NULL COMMENT '用户头像',
  `userAvatar` varchar(255) DEFAULT NULL COMMENT '用户头像',
  `anotherId` varchar(255) DEFAULT NULL COMMENT '专家id',
  `anotherName` varchar(255) DEFAULT NULL COMMENT '专家名称',
  `anotherAvatar` varchar(255) DEFAULT NULL COMMENT '专家头像',
  `unread` int DEFAULT '1' COMMENT '未读数',
  PRIMARY KEY (`id`)
) ENGINE=InnoDB AUTO_INCREMENT=46 DEFAULT CHARSET=utf8mb4 COLLATE=utf8mb4_0900_ai_ci COMMENT='专家咨询列表';
/*!40101 SET character_set_client = @saved_cs_client */;

--
-- Dumping data for table `t_hc_community_consultlist`
--

INSERT INTO `t_hc_community_consultlist` VALUES (33,33,'C010019','企业管理员','https://www.ibaosteel.com/ibaosteel/static/community/avatar/user.png','1','鲍平','https://www.ibaosteel.com/ibaosteel/static/community/expert/4213_s.jpeg',0),(34,34,'U01377','管理员','https://www.ibaosteel.com/ibaosteel/static/community/avatar/user.png','1','鲍平','https://www.ibaosteel.com/ibaosteel/static/community/expert/4213_s.jpeg',1),(35,35,'C010019','企业管理员','https://www.ibaosteel.com/ibaosteel/static/community/avatar/user.png','2','张琦','https://www.ibaosteel.com/ibaosteel/static/community/expert/4222.jpeg',0),(36,36,'C010019','企业管理员','https://www.ibaosteel.com/ibaosteel/static/community/avatar/user.png','16','张琦','https://www.ibaosteel.com/ibaosteel/static/community/expert/4506.jpeg',0),(37,37,'C216509','华中测试','https://www.ibaosteel.com/ibaosteel/static/community/avatar/user.png','7','田新芳','https://www.ibaosteel.com/ibaosteel/static/community/expert/7935.jpeg',1),(38,38,'C216509','华中测试','https://www.ibaosteel.com/ibaosteel/static/community/avatar/user.png','17','朱晓东','https://www.ibaosteel.com/ibaosteel/static/community/expert/5482.jpeg',0),(39,39,'C216509','华中测试','https://www.ibaosteel.com/ibaosteel/static/community/avatar/user.png','1','鲍平','https://www.ibaosteel.com/ibaosteel/static/community/expert/4213_s.jpeg',7),(40,40,'C22222300018','小小','https://www.ibaosteel.com/ibaosteel/static/community/avatar/user.png','1','鲍平','https://www.ibaosteel.com/ibaosteel/static/community/expert/4213_s.jpeg',0),(41,41,'C216509','华中测试','https://www.ibaosteel.com/ibaosteel/static/community/avatar/user.png','3','朱晓东','https://www.ibaosteel.com/ibaosteel/static/community/expert/4506.jpeg',1),(42,42,'C216509','华中测试','https://www.ibaosteel.com/ibaosteel/static/community/avatar/user.png','2','张琦','https://www.ibaosteel.com/ibaosteel/static/community/expert/4222.jpeg',1),(43,43,'C22222300018','小小','https://www.ibaosteel.com/ibaosteel/static/community/avatar/user.png','2','张琦','https://www.ibaosteel.com/ibaosteel/static/community/expert/4222.jpeg',0),(44,44,'C00299500029','罗瑜','https://www.ibaosteel.com/ibaosteel/static/community/avatar/user.png','1','鲍平','https://www.ibaosteel.com/ibaosteel/static/community/expert/4213_s.jpeg',0),(45,45,'C00299500018','原亮','https://www.ibaosteel.com/ibaosteel/static/community/avatar/user.png','2','张琦','https://www.ibaosteel.com/ibaosteel/static/community/expert/4222.jpeg',1);

--
-- Table structure for table `t_hc_community_expert`
--

DROP TABLE IF EXISTS `t_hc_community_expert`;
/*!40101 SET @saved_cs_client     = @@character_set_client */;
/*!50503 SET character_set_client = utf8mb4 */;
CREATE TABLE `t_hc_community_expert` (
  `EID` int NOT NULL AUTO_INCREMENT COMMENT '专家主键',
  `ENAME` varchar(255) DEFAULT NULL COMMENT '专家姓名',
  `EAVATAR` varchar(255) DEFAULT NULL COMMENT '专家头像地址',
  `ETITLE` varchar(255) DEFAULT NULL COMMENT '专家头衔',
  `EONLINETIME` varchar(255) DEFAULT '9|14.30' COMMENT '专家在线时间',
  `ETID` int DEFAULT NULL COMMENT '品种分类ID',
  PRIMARY KEY (`EID`)
) ENGINE=InnoDB AUTO_INCREMENT=18 DEFAULT CHARSET=utf8mb4 COLLATE=utf8mb4_0900_ai_ci COMMENT='专家表';
/*!40101 SET character_set_client = @saved_cs_client */;

--
-- Dumping data for table `t_hc_community_expert`
--

INSERT INTO `t_hc_community_expert` VALUES (1,'鲍平','https://www.ibaosteel.com/ibaosteel/static/community/expert/4213_s.jpeg',' 汽车板技术服务首席工程师','9:00-19:30',1),(2,'张琦','https://www.ibaosteel.com/ibaosteel/static/community/expert/4222.jpeg','市场营销首席管理师','9:00-14:30',2),(3,'朱晓东','https://www.ibaosteel.com/ibaosteel/static/community/expert/4506.jpeg','产品研究和开发  首席研究员','9:00-14:30',3),(4,'陈宝华','https://www.ibaosteel.com/ibaosteel/static/community/expert/5482.jpeg','技术服务高级经理','9:00-14:30',4),(5,'任玉苓','https://www.ibaosteel.com/ibaosteel/static/community/expert/7675.jpeg','涂镀工艺首席工程师','9:00-14:30',5),(6,'戴毅刚','https://www.ibaosteel.com/ibaosteel/static/community/expert/7925.jpeg','产品研究和开发首席研究员','9:00-14:30',6),(7,'田新芳','https://www.ibaosteel.com/ibaosteel/static/community/expert/7935.jpeg','产品设计技术主任产品工程师','9:00-14:30',7),(8,'鲍平','https://www.ibaosteel.com/ibaosteel/static/community/expert/4213_s.jpeg',' 汽车板技术服务首席工程师','9:00-14:30',8),(9,'张琦','https://www.ibaosteel.com/ibaosteel/static/community/expert/4222.jpeg','市场营销首席管理师','9:00-14:30',9),(10,'朱晓东','https://www.ibaosteel.com/ibaosteel/static/community/expert/4506.jpeg','产品研究和开发  首席研究员','9:00-14:30',10),(11,'陈宝华','https://www.ibaosteel.com/ibaosteel/static/community/expert/5482.jpeg','技术服务高级经理','9:00-14:30',11),(12,'任玉苓','https://www.ibaosteel.com/ibaosteel/static/community/expert/7675.jpeg','涂镀工艺首席工程师','9:00-14:30',12),(13,'戴毅刚','https://www.ibaosteel.com/ibaosteel/static/community/expert/7925.jpeg','产品研究和开发首席研究员','9:00-14:30',13),(14,'田新芳','https://www.ibaosteel.com/ibaosteel/static/community/expert/4213_s.jpeg',' 汽车板技术服务首席工程师','9:00-14:30',14),(16,'张琦','https://www.ibaosteel.com/ibaosteel/static/community/expert/4506.jpeg','产品研究和开发  首席研究员','9:00-14:30',3),(17,'朱晓东','https://www.ibaosteel.com/ibaosteel/static/community/expert/5482.jpeg','技术服务高级经理','9:00-14:30',5);

--
-- Table structure for table `t_hc_community_expertmesg`
--

DROP TABLE IF EXISTS `t_hc_community_expertmesg`;
/*!40101 SET @saved_cs_client     = @@character_set_client */;
/*!50503 SET character_set_client = utf8mb4 */;
CREATE TABLE `t_hc_community_expertmesg` (
  `IID` int NOT NULL AUTO_INCREMENT COMMENT '消息ID',
  `EID` int NOT NULL COMMENT '专家ID',
  `INITIATEUSER` varchar(255) DEFAULT NULL COMMENT '提问用户',
  `INITIATEPHONE` varchar(255) DEFAULT NULL COMMENT '提问用户手机号',
  `MESSAGECONTENT` longtext COMMENT '提问内容',
  `REPLYCONTENT` longtext COMMENT '回复内容',
  `CREATIONTIME` datetime DEFAULT NULL COMMENT '创建时间',
  `MESSAGENOTICE` int DEFAULT '1' COMMENT '消息通知方式(默认值 ‘1’ 社区PC 或者APP内提示、‘2’ 短信提醒)',
  PRIMARY KEY (`IID`)
) ENGINE=InnoDB AUTO_INCREMENT=16 DEFAULT CHARSET=utf8mb4 COLLATE=utf8mb4_0900_ai_ci COMMENT='专家私信消息表';
/*!40101 SET character_set_client = @saved_cs_client */;

--
-- Dumping data for table `t_hc_community_expertmesg`
--

INSERT INTO `t_hc_community_expertmesg` VALUES (1,1,'丁飞','13166200323','专家您好! 你怎么这么帅?','是的 我是比较帅气','2022-07-19 21:29:07',1),(2,2,'丁飞','13166200323','专家您好! 你怎么这么厉害?','是的 我是比较厉害','2022-07-19 21:29:46',1),(3,0,'超级管理员','1387712012','11111专家您好! 你怎么这么厉害?','','1970-01-01 00:00:00',1),(4,0,'超级管理员','1387712012','专家您好! 你怎么这么厉害?','','1970-01-01 00:00:00',1),(5,0,'超级管理员','1387712012','专家您好! 你怎么这么厉害?','','1970-01-01 00:00:00',1),(6,0,'超级管理员','1387712012','专家您好! 你怎么这么厉害?','','1970-01-01 00:00:00',1),(7,1,'超级管理员','1387712012','专家您好! 你怎么这么厉害?','','1970-01-01 00:00:00',1),(8,0,'超级管理员','1387712012','11111','','1970-01-01 00:00:00',1),(9,0,'超级管理员','1387712012','专家您好! 你怎么这么厉害?','','1970-01-01 00:00:00',1),(10,0,'超级管理员','1387712012','专家您好! 你怎么这么厉害?','','1970-01-01 00:00:00',1),(11,0,'超级管理员','1387712012','','','2022-09-17 04:27:16',1),(12,0,'超级管理员','1387712012','','','2022-09-17 04:27:34',1),(13,0,'081059','19917792205','123','测试回复','2022-09-20 02:45:34',1),(14,0,'081059','19917792205','12341','','2022-09-20 02:55:03',1),(15,1,'081059','19917792205','测试测试测试','回复测试','2022-09-20 02:59:08',1);

--
-- Table structure for table `t_hc_community_experttype`
--

DROP TABLE IF EXISTS `t_hc_community_experttype`;
/*!40101 SET @saved_cs_client     = @@character_set_client */;
/*!50503 SET character_set_client = utf8mb4 */;
CREATE TABLE `t_hc_community_experttype` (
  `ETID` int NOT NULL AUTO_INCREMENT COMMENT '品种分类主键',
  `BREEDNAME` varchar(255) DEFAULT NULL COMMENT '品种名称',
  `UNSELECTED` varchar(255) DEFAULT NULL COMMENT '分类未选中图表',
  `CHECKED` varchar(255) DEFAULT NULL COMMENT '分类选中图表',
  `SORT` int DEFAULT NULL COMMENT '显示顺序',
  PRIMARY KEY (`ETID`)
) ENGINE=InnoDB AUTO_INCREMENT=17 DEFAULT CHARSET=utf8mb4 COLLATE=utf8mb4_0900_ai_ci COMMENT='专家_品种分类表';
/*!40101 SET character_set_client = @saved_cs_client */;

--
-- Dumping data for table `t_hc_community_experttype`
--

INSERT INTO `t_hc_community_experttype` VALUES (1,'汽车板','ctb.png','ctb1.png',1),(2,'彩涂板','ddx.png','ddx1.png',2),(3,'家电板','dlx.png','dlx1.png',3),(4,'普冷','dx.png','dx1.png',4),(5,'酸洗','dxg.png','dxg1.png',5),(6,'电镀锌','fmt.png','fmt1.png',6),(7,'厚板','hb.png','hb1.png',7),(8,'热镀锌','jdb.png','jdb1.png',8),(9,'镀锌铝','pl.png','pl1.png',9),(10,'覆膜铁','wqxgg.png','wqxgg1.png',10),(11,'取向硅钢','qcb.png','qcb1.png',11),(12,'无取向硅钢','qxgg.png','qxgg1.png',12),(13,'镀锡','rdx.png','rdx1.png',13),(14,'热轧','rz.png','rz1.png',14),(15,'镀锡铬','sx.png','sx1.png',15),(16,'全部','qb.png','qb1.png',0);

--
-- Table structure for table `t_hc_community_post`
--

DROP TABLE IF EXISTS `t_hc_community_post`;
/*!40101 SET @saved_cs_client     = @@character_set_client */;
/*!50503 SET character_set_client = utf8mb4 */;
CREATE TABLE `t_hc_community_post` (
  `PID` int NOT NULL AUTO_INCREMENT COMMENT '帖子id',
  `TID` int DEFAULT NULL COMMENT '帖子主题id',
  `PCID` int DEFAULT NULL COMMENT '帖子评论id',
  `TITLE` varchar(200) DEFAULT NULL COMMENT '帖子标题',
  `CONTENT` longtext COMMENT '帖子内容',
  `POSTWITHPICTURES` varchar(200) DEFAULT NULL COMMENT '帖子配图',
  `INTRODUCTION` varchar(200) DEFAULT NULL COMMENT '帖子简介[如果此字段为空时 则取帖子内容字段值前100个字符]',
  `AUDITSTATUS` int DEFAULT '10' COMMENT '审核状态 [10 已发帖] [20 帖子审核中] [30 帖子审核通过] [40 帖子审核不通过]',
  `AUDITDESCRIPTION` varchar(200) DEFAULT NULL COMMENT '审核描述',
  `SORT` int DEFAULT '0' COMMENT '排序 0 普通  1 置顶',
  `VIEWS` int DEFAULT '0' COMMENT '浏览量',
  `FABULOUS` int DEFAULT '0' COMMENT '点赞量',
  `AUTHORNAME` varchar(200) DEFAULT NULL COMMENT '发帖者',
  `RMSTATUS` int DEFAULT '20' COMMENT '删除状态 [10 删除] [20 没删除]',
  `GMTCREATE` datetime DEFAULT NULL COMMENT '创建时间',
  `GMTUPDATE` datetime DEFAULT NULL COMMENT '修改时间',
  `EXTERNALURL` varchar(255) DEFAULT NULL COMMENT '外部URL链接',
  PRIMARY KEY (`PID`)
) ENGINE=InnoDB AUTO_INCREMENT=48 DEFAULT CHARSET=utf8mb4 COLLATE=utf8mb4_0900_ai_ci COMMENT='帖子表';
/*!40101 SET character_set_client = @saved_cs_client */;

--
-- Dumping data for table `t_hc_community_post`
--

INSERT INTO `t_hc_community_post` VALUES (23,2,23,'新华社：宝钢股份以“智慧管理”将“智慧生产”连点成面','<p><img src=\"http://test-www.ibaosteel.com/ibaosteel/static/community/post/微信截图_20221121091941.png\" style=\"max-width:100%;\" contenteditable=\"false\"/></p>','http://test-www.ibaosteel.com/ibaosteel/static/community/post/微信截图_20221121091941.png','新华社：宝钢股份以“智慧管理”将“智慧生产”连点成面',30,'审核通过',0,0,0,'小慧',20,'2022-11-21 09:20:56','2022-11-21 09:20:56','https://mp.weixin.qq.com/s/iQMWfxwEsf8DXQZv2TGlpw'),(25,3,25,'双周回顾（20221008-20221021）','<p><img src=\"http://test-www.ibaosteel.com/ibaosteel/static/community/post/1667788997475907.jpg\" style=\"max-width:100%;\" contenteditable=\"false\" width=\"100%\"/></p>','http://test-www.ibaosteel.com/ibaosteel/static/community/post/微信截图_20221121093510.png','双周回顾（20221008-20221021）',30,'审核通过',0,16,0,'小慧',20,'2022-11-21 09:36:03','2022-11-21 09:36:03',''),(27,3,27,'双周回顾(20221031-20221104)','<p><img src=\"http://test-www.ibaosteel.com/ibaosteel/static/community/post/1667788997475907.jpg\" style=\"max-width:100%;\" contenteditable=\"false\" width=\"100%\"/></p>','http://test-www.ibaosteel.com/ibaosteel/static/community/post/1.png','双周回顾(20221031-20221104)',30,'审核通过',0,52,0,'小慧',20,'2022-11-21 10:49:57','2022-11-21 10:49:57',''),(32,2,32,'宝钢股份获安永可持续发展年度最佳奖项2022杰出个人、优秀案例','<section><section><p><img src=\"http://test-www.ibaosteel.com/ibaosteel/static/community/post/image.png\" style=\"max-width:100%;\" contenteditable=\"false\"/><br/></p></section><section><section><section><section><section><section><section><section><p>2022年11月18日，安永首届“上市公司可持续发展官高峰论坛暨年度最佳奖项评选”活动公布评选结果。</p><p><br/></p><p>宝钢股份“双碳”战略实施摘取年度<strong>优秀案例</strong>——科技创新进步，公司副总经理傅建国荣获年度<strong>杰出个人</strong>奖项。</p></section></section></section></section></section></section></section></section><section><section><section><section><section><section><section><section><section><section><p><br/></p></section></section></section></section><section><section><p>本次活动的主题是“创长期价值，绘可信未来”。评选广泛发掘引领中国可持续发展的先驱典范，围绕绿色发展、乡村振兴、共同富裕等国家重大战略，参考全球最新的可持续发展评估体系和ESG标准，综合考虑商业、社会和技术影响，最终由独立评委会做出评选结果，希望能够通过表彰做出突出贡献的企业、个人和案例，充分展现我国高质量发展的最新实践经验与成果，探索更多可持续发展的新模式、新路径，鼓励更多企业在国家高质量发展进程中发挥积极的引领作用，从而促进商业与社会环境的共赢发展。</p></section></section></section></section></section></section></section></section><section><section><section><section><section><section><section><section><p>傅建国先生受邀出席活动，发表主题演讲——《宝钢股份绿色低碳探索与实践》，并领取奖项。</p><p><br/></p><p>作为钢铁行业引领者，宝钢股份积极响应“3060双碳”的国家战略，确定了力争实现“2023年碳达峰、2050年碳中和”的战略目标，制定了“技术革新、产品创新，打造绿色钢铁生态圈”的战略实施方案，取得了阶段性成果，“双碳”战略得到了全面贯彻落实。</p><p><br/></p><p>面向未来，公司将秉承绿色低碳理念，始终坚守“发展与绿色同步”价值观，积极推动钢铁绿色产业链建设，同时携手产业链伙伴共同探索与践行绿色低碳发展，为行业高质量可持续发展贡献力量。</p></section></section></section></section></section></section></section></section></section><section><section><section><br/></section></section></section>','http://test-www.ibaosteel.com/ibaosteel/static/community/post/微信截图_20221121133838.png','宝钢股份获安永可持续发展年度最佳奖项2022杰出个人、优秀案例',30,'审核通过',0,0,0,'小慧',20,'2022-11-21 01:40:43','2022-11-21 01:40:43','https://mp.weixin.qq.com/s/t5Fna_4nxW04-0Ph6ooFLw'),(33,2,33,'重塑钢铁行业在人类可持续发展进程中的关键地位','<p><img src=\"http://test-www.ibaosteel.com/ibaosteel/static/community/post/3.png\" style=\"max-width:100%;\" contenteditable=\"false\"/></p>','http://test-www.ibaosteel.com/ibaosteel/static/community/post/3.png','重塑钢铁行业在人类可持续发展进程中的关键地位',30,'审核通过',0,0,0,'小慧',20,'2022-11-21 02:35:47','2022-11-21 02:35:47','https://mp.weixin.qq.com/s/uhS3KgmrHrTWFckWPL4Xxw'),(37,2,37,'成为最早可向车企提供具有明确减碳值产品的中国钢企！宝钢股份与北京奔驰签署《备忘录》','<p><img src=\"http://test-www.ibaosteel.com/ibaosteel/static/community/post/微信截图_20221123102340.png\" style=\"max-width:100%;\" contenteditable=\"false\"/></p>','http://test-www.ibaosteel.com/ibaosteel/static/community/post/微信截图_20221123102340.png','成为最早可向车企提供具有明确减碳值产品的中国钢企！宝钢股份与北京奔驰签署《备忘录》',30,'审核通过',0,0,0,'小慧',20,'2022-11-23 10:25:02','2022-11-23 10:25:02','https://mp.weixin.qq.com/s/eLHy3LphT4oy8nBOjx2-tg'),(38,2,38,'一图读懂｜宝钢股份与北京奔驰“绿钢”之旅','<p>一图读懂｜宝钢股份与北京奔驰“绿钢”之旅<img src=\"http://test-www.ibaosteel.com/ibaosteel/static/community/post/微信截图_20221213231815.png\" contenteditable=\"false\" style=\"font-size: 12px; max-width: 100%;\"/></p>','http://test-www.ibaosteel.com/ibaosteel/static/community/post/微信截图_20221213231815.png','一图读懂｜宝钢股份与北京奔驰“绿钢”之旅',30,'审核通过',0,0,0,'小慧',20,'2022-12-13 11:19:43','2022-12-13 11:19:43','https://mp.weixin.qq.com/s/VkYloKXU1TAOXMrZaGeqzw'),(39,2,39,'战危机 创一流 | 持续增强核心竞争力，赋能企业高质量发展','<p><img src=\"http://test-www.ibaosteel.com/ibaosteel/static/community/post/微信截图_20230112102326.png\" style=\"max-width:100%;\" contenteditable=\"false\"/></p>','http://test-www.ibaosteel.com/ibaosteel/static/community/post/微信截图_20230112102326.png','战危机 创一流 | 持续增强核心竞争力，赋能企业高质量发展',30,'审核通过',0,1,0,'小慧',20,'2023-01-12 10:24:31','2023-01-12 10:24:31','https://mp.weixin.qq.com/s/WydupPuQyd41giWnPCEb-Q'),(40,2,40,'兔飞猛进｜宝钢热轧超薄超高强热处理产品填补国内市场空白','<p>　　近日，宝钢薄规格热处理产线（2-6mm）建成投产，首批产品已陆续交付用户使用，产品质量得到用户认可。宝钢热处理产品质量、供货能力、资源保证持续提升！<br/>　　宝钢热轧聚力攻坚关键核心技术，一举填补国内空白，改变了薄规格超高强钢（特别是＜3mm厚度960Mpa级别）依赖进口的局面，满足行业内对此类产品的严苛要求，推动产业链整体升级迭代。<br/>　　产品优势<br/>　　相对传统热处理产线：<br/>　　☆<br/>　　集约热处理生产，性能更加稳定，有效改善加工成型精度<br/>　　☆<br/>　　最新冷却工艺，有效改善钢板内应力，有效改善分条旁弯现象<br/>　　☆<br/>　　保护性气氛，表面氧化层更均匀，有效解决黑灰问题<br/>　　DreamECO<br/>　　宝钢热轧梦想商用车整体解决方案不断充实，BS系列高强热处理产品（屈服强度600MPa-1300MPa）全新上线！其中堪称热轧吉帕钢的首批2.0mm薄规格BS960E产品将应用于随车吊吊臂，替代原进口产品。<br/>　　质量可靠<br/>　　超高强度<br/>　　高板形<br/>　　优质表面<br/>　　良好低温韧性<br/>　　可焊接性<br/>　　冷成形性<br/>　　广泛应用<br/>　　起重机、高空作业车、泵车等工程机械及车辆结构等。<br/>　　&gt;&gt;左右滑动查看更多应用场景&lt;&lt;<br/>　　What is EcoSPEV<br/>　　根据国家标准GB/T 17350《专用汽车和专用半挂车术语、代号和编制方法》，专用汽车（special purpose motor vehicle）定义为：“装置有专用设备，具备专用功能，用于承担专门运输任务或专项作业以及其他专项用途的汽车。”是半挂车、自卸车、罐式车、起重举升车、特种结构车等专用载货汽车及专用作业类车辆的统称。<br/>　　近年来，宝钢携手工程机械行业龙头用户，围绕新产品、新技术应用升级，共同推进超高强热处理产品国产化替代，基本实现国产超高强先进材料在行业内的批量应用，从而推动中国工程机械制造业全供应链制造水平整体提升。<br/>　　2023万物启新，宝钢热轧热处理产销研团队将积极拓展市场需求，发挥产线优势，推动薄规格产品在高空作业车、农机等行业应用，实现同类产品全面进口替代。<br/>　　宝钢热轧<br/>　　在新产品、新工艺、新技术等方面持续创新，<br/>　　以整体解决方案助力商用车升级换代，<br/>　　形成行业示范效应，<br/>　　成为实现“碳达峰、碳中和”的领先者。<br/>　　让“制造绿色”梦想发生<br/>　　图片<br/>　　供稿：宝钢热轧热处理产销研团队，摄影：刘继鸣<br/>　　收录于合集#宝钢热轧<br/>　　9个<br/>　　上一篇我们把阳光给你｜宝钢建筑用材解决方案光伏支架系统Bekind™-PV成就绿色低碳未来<br/>　　阅读3092<br/>　　分享收藏<br/>　　215</p>','http://test-www.ibaosteel.com/ibaosteel/static/community/post/微信截图_20230131162750.png','兔飞猛进｜宝钢热轧超薄超高强热处理产品填补国内市场空白',30,'审核通过',0,1,0,'小慧',20,'2023-01-31 04:31:07','2023-01-31 04:31:07','https://mp.weixin.qq.com/s/At56qaf_mcuw4yKofvXM4Q'),(44,1,44,'宝钢股份2023年3月份电镀锡（铬）品种 国内期货销售价格调整的公告','<p>&nbsp; &nbsp; &nbsp; &nbsp;经公司研究决定，2023年3月份宝山电镀锡（铬）、梅山、武钢日铁电镀锡产品在2月份的基础上调整如下：</p><p>　　一、宝山基地</p><p>　　1、电镀锡：基价上调150元/吨。</p><p>　　2、电镀铬：基价上调150元/吨。</p><p>　　二、梅山、WINSteel镀锡</p><p>　　基价上调150元/吨。</p><p>　　三、提前订货最大优惠由100元/吨调整为50元/吨。</p><p>　　四、其它政策维持不变，以上价格均为不含税价格，调整通知自公布之日起生效执行。</p><p>　　五、本价格调整通知的解释权属宝山钢铁股份有限公司营销中心（宝钢国际）。</p><p>　　&nbsp; &nbsp; &nbsp; &nbsp; &nbsp; &nbsp; &nbsp; &nbsp; &nbsp; &nbsp;宝山钢铁股份有限公司</p><p>　　&nbsp; &nbsp; &nbsp; &nbsp; &nbsp; &nbsp; &nbsp; &nbsp; &nbsp; &nbsp;营销中心（宝钢国际）</p><p>　　&nbsp; &nbsp; &nbsp; &nbsp; &nbsp; &nbsp; &nbsp; &nbsp; &nbsp; &nbsp;二〇二三年一月三十一日</p><p><img src=\"http://test-www.ibaosteel.com/ibaosteel/static/community/post/512.png\" style=\"max-width:100%;\" contenteditable=\"false\"/></p>','http://test-www.ibaosteel.com/ibaosteel/static/community/post/3.jpg','宝钢股份2023年3月份电镀锡（铬）品种 国内期货销售价格调整的公告',30,'审核通过',1,107,0,'小慧',20,'2023-02-01 09:25:58','2023-02-01 09:25:58',''),(45,2,45,'@所有人：8款「宝钢」幸运，总有一款适合你！','<p><img src=\"http://test-www.ibaosteel.com/ibaosteel/static/community/post/微信截图_20230201093234.png\" style=\"max-width:100%;\" contenteditable=\"false\"/></p>','http://test-www.ibaosteel.com/ibaosteel/static/community/post/微信截图_20230201093234.png','@所有人：8款「宝钢」幸运，总有一款适合你！',30,'审核通过',0,1,0,'小慧',20,'2023-02-01 09:34:19','2023-02-01 09:34:19','https://mp.weixin.qq.com/s/2DlGz4v3xunb3dEImAuLSA'),(46,2,46,'“视界” · 汽车安全大会丨专访宝钢股份汽车板首席工程师 鲍平','<p><img src=\"http://test-www.ibaosteel.com/ibaosteel/static/community/post/微信截图_20230213094537.png\" style=\"max-width:100%;\" contenteditable=\"false\"/></p>','http://test-www.ibaosteel.com/ibaosteel/static/community/post/微信截图_20230213094537.png','“视界” · 汽车安全大会丨专访宝钢股份汽车板首席工程师 鲍平',10,'帖子已发 后台审核中!',1,3,0,'小慧',20,'2023-02-13 09:46:13','2023-02-13 09:46:13','https://mp.weixin.qq.com/s/8LLo_u-kk0WVI20RA25Mqw'),(47,2,47,'绝美！一大波梅花盛放，情人节与赏花更配哦','<p><img src=\"http://test-www.ibaosteel.com/ibaosteel/static/community/post/2.png\" style=\"max-width:100%;\" contenteditable=\"false\"/></p>','http://test-www.ibaosteel.com/ibaosteel/static/community/post/2.png','绝美！一大波梅花盛放，情人节与赏花更配哦',10,'帖子已发 后台审核中!',1,14,0,'小慧',20,'2023-02-15 03:22:46','2023-02-15 03:22:46','https://mp.weixin.qq.com/s/CX8EtV5Z2sL3JMqu2Q902Q');

--
-- Table structure for table `t_hc_community_post_theme`
--

DROP TABLE IF EXISTS `t_hc_community_post_theme`;
/*!40101 SET @saved_cs_client     = @@character_set_client */;
/*!50503 SET character_set_client = utf8mb4 */;
CREATE TABLE `t_hc_community_post_theme` (
  `TID` int NOT NULL AUTO_INCREMENT COMMENT '主题ID',
  `THEMENAME` varchar(255) NOT NULL COMMENT '帖子主题分类名称',
  `TIMGURL` varchar(255) DEFAULT NULL COMMENT '帖子主题分类图片',
  PRIMARY KEY (`TID`)
) ENGINE=InnoDB AUTO_INCREMENT=4 DEFAULT CHARSET=utf8mb4 COLLATE=utf8mb4_0900_ai_ci COMMENT='帖子主题分类表';
/*!40101 SET character_set_client = @saved_cs_client */;

--
-- Dumping data for table `t_hc_community_post_theme`
--

INSERT INTO `t_hc_community_post_theme` VALUES (1,'价格政策','https://www.ibaosteel.com/ibaosteel/static/community/postTheme/jiage.png'),(2,'你好宝钢','https://www.ibaosteel.com/ibaosteel/static/community/postTheme/nihao.png'),(3,'宝钢BSI','https://www.ibaosteel.com/ibaosteel/static/community/postTheme/bsi.png');

--
-- Table structure for table `t_hc_community_postcomment`
--

DROP TABLE IF EXISTS `t_hc_community_postcomment`;
/*!40101 SET @saved_cs_client     = @@character_set_client */;
/*!50503 SET character_set_client = utf8mb4 */;
CREATE TABLE `t_hc_community_postcomment` (
  `PCID` int NOT NULL AUTO_INCREMENT COMMENT '帖子评论ID',
  `PID` int DEFAULT NULL COMMENT '帖子id',
  `COMMENTSTATUS` varchar(20) DEFAULT '10|30' COMMENT '评论状态 [10 允许评论回复] [20 帖子评论 禁评] [30 显示评论信息] [40 不显示评论信息]',
  `GMTCREATE` datetime DEFAULT NULL COMMENT '帖子评论创建时间',
  PRIMARY KEY (`PCID`)
) ENGINE=InnoDB AUTO_INCREMENT=48 DEFAULT CHARSET=utf8mb4 COLLATE=utf8mb4_0900_ai_ci COMMENT='帖子评论中间表';
/*!40101 SET character_set_client = @saved_cs_client */;

--
-- Dumping data for table `t_hc_community_postcomment`
--

INSERT INTO `t_hc_community_postcomment` VALUES (1,1,'10|30','2022-07-13 16:46:32'),(2,2,'10|30','2022-07-13 16:46:42'),(3,3,'10|30','2022-07-13 16:46:58'),(12,18,'10|30','2022-11-18 07:22:37'),(13,4,'10|30','2022-11-18 19:39:16'),(14,5,'10|30','2022-11-18 19:39:20'),(15,6,'10|30','2022-11-18 19:39:24'),(16,7,'10|30','2022-11-18 19:39:27'),(17,8,'10|30','2022-11-18 19:39:32'),(18,9,'10|30','2022-11-18 19:39:36'),(20,20,'10|30','2022-11-21 08:38:48'),(21,21,'10|30','2022-11-21 09:04:25'),(22,22,'20|40','2022-11-21 09:09:58'),(23,23,'10|30','2022-11-21 09:20:56'),(24,24,'10|30','2022-11-21 09:29:38'),(25,25,'10|30','2022-11-21 09:36:03'),(26,26,'10|30','2022-11-21 10:45:33'),(27,27,'10|30','2022-11-21 10:49:57'),(28,28,'10|30','2022-11-21 01:04:56'),(29,29,'10|30','2022-11-21 01:08:53'),(30,30,'10|30','2022-11-21 01:11:28'),(31,31,'10|30','2022-11-21 01:14:27'),(32,32,'10|30','2022-11-21 01:40:43'),(33,33,'10|30','2022-11-21 02:35:47'),(34,34,'10|30','2022-11-21 02:41:02'),(35,35,'10|30','2022-11-21 02:43:27'),(36,36,'10|30','2022-11-21 02:48:18'),(37,37,'10|30','2022-11-23 10:25:02'),(38,38,'10|30','2022-12-13 11:19:43'),(39,39,'20|40','2023-01-12 10:24:31'),(40,40,'10|30','2023-01-31 04:31:07'),(41,41,'10|30','2023-02-01 09:14:17'),(42,42,'10|30','2023-02-01 09:17:27'),(43,43,'10|30','2023-02-01 09:23:19'),(44,44,'10|30','2023-02-01 09:25:58'),(45,45,'10|30','2023-02-01 09:34:19'),(46,46,'10|30','2023-02-13 09:46:13'),(47,47,'10|30','2023-02-15 03:22:46');

--
-- Table structure for table `t_hc_community_realtimemessage`
--

DROP TABLE IF EXISTS `t_hc_community_realtimemessage`;
/*!40101 SET @saved_cs_client     = @@character_set_client */;
/*!50503 SET character_set_client = utf8mb4 */;
CREATE TABLE `t_hc_community_realtimemessage` (
  `MID` int NOT NULL AUTO_INCREMENT COMMENT '实时消息主键',
  `IID` int DEFAULT NULL COMMENT '消息ID',
  PRIMARY KEY (`MID`)
) ENGINE=InnoDB AUTO_INCREMENT=7 DEFAULT CHARSET=utf8mb4 COLLATE=utf8mb4_0900_ai_ci COMMENT='专家回复_实时消息表';
/*!40101 SET character_set_client = @saved_cs_client */;

--
-- Dumping data for table `t_hc_community_realtimemessage`
--

INSERT INTO `t_hc_community_realtimemessage` VALUES (1,1),(2,2),(3,3),(4,7),(5,13),(6,15);

--
-- Table structure for table `t_hc_community_sensitivewords`
--

DROP TABLE IF EXISTS `t_hc_community_sensitivewords`;
/*!40101 SET @saved_cs_client     = @@character_set_client */;
/*!50503 SET character_set_client = utf8mb4 */;
CREATE TABLE `t_hc_community_sensitivewords` (
  `SID` int NOT NULL AUTO_INCREMENT COMMENT '主键ID',
  `SENSITIVEWORDS` varchar(200) NOT NULL COMMENT '敏感词',
  `GMTCREATE` datetime DEFAULT NULL ON UPDATE CURRENT_TIMESTAMP COMMENT '敏感词创建时间',
  PRIMARY KEY (`SID`)
) ENGINE=InnoDB AUTO_INCREMENT=513 DEFAULT CHARSET=utf8mb4 COLLATE=utf8mb4_0900_ai_ci COMMENT='敏感词表';
/*!40101 SET character_set_client = @saved_cs_client */;

--
-- Dumping data for table `t_hc_community_sensitivewords`
--

INSERT INTO `t_hc_community_sensitivewords` VALUES (10,'供应\r','2022-07-22 14:45:46'),(11,'组装\r','2022-07-22 14:45:46'),(12,'担保交易\r','2022-07-22 14:45:46'),(13,'安装\r','2022-07-22 14:45:46'),(16,'支持验货\r','2022-07-22 14:45:47'),(17,'联系\r','2022-07-22 14:45:47'),(18,'精选\r','2022-07-22 14:45:47'),(19,'抢购\r','2022-07-22 14:45:47'),(20,'试货付款\r','2022-07-22 14:45:47'),(21,'送货上门\r','2022-07-22 14:45:47'),(22,'付款\r','2022-07-22 14:45:47'),(23,'推荐\r','2022-07-22 14:45:47'),(24,'分解\r','2022-07-22 14:45:47'),(25,'拆装\r','2022-07-22 14:45:47'),(26,'预订\r','2022-07-22 14:45:47'),(27,'订货\r','2022-07-22 14:45:47'),(28,'到付\r','2022-07-22 14:45:48'),(29,'免定金\r','2022-07-22 14:45:48'),(30,'满意付款\r','2022-07-22 14:45:48'),(31,'pcp秃鹰\r','2022-07-22 14:45:48'),(32,'92式手木仓\r','2022-07-22 14:45:48'),(33,'64式手木仓\r','2022-07-22 14:45:48'),(34,'64式气木仓\r','2022-07-22 14:45:48'),(35,'狗管\r','2022-07-22 14:45:48'),(36,'54式手木仓\r','2022-07-22 14:45:48'),(37,'汽狗配件\r','2022-07-22 14:45:48'),(38,'美秃套件\r','2022-07-22 14:45:48'),(39,'金弓m4\r','2022-07-22 14:45:48'),(40,'工字牌配件\r','2022-07-22 14:45:48'),(41,'伯莱塔\r','2022-07-22 14:45:48'),(42,'英国骚本\r','2022-07-22 14:45:49'),(43,'短枪\r','2022-07-22 14:45:49'),(44,'改装发令枪\r','2022-07-22 14:45:49'),(45,'狙击步狗\r','2022-07-22 14:45:49'),(46,'CFX气枪\r','2022-07-22 14:45:49'),(47,'pcp汽枪\r','2022-07-22 14:45:49'),(48,'pcp气枪\r','2022-07-22 14:45:49'),(49,'气狗配件\r','2022-07-22 14:45:49'),(50,'一比一枪模\r','2022-07-22 14:45:49'),(51,'手狗配件\r','2022-07-22 14:45:49'),(52,'三箭气枪\r','2022-07-22 14:45:49'),(53,'手拉狗\r','2022-07-22 14:45:49'),(54,'英国b50\r','2022-07-22 14:45:49'),(56,'b50套件\r','2022-07-22 14:45:49'),(57,'54木仓\r','2022-07-22 14:45:50'),(58,'美制勃朗宁\r','2022-07-22 14:45:50'),(59,'工字QB6\r','2022-07-22 14:45:50'),(60,'工字管\r','2022-07-22 14:45:50'),(61,'wg702左轮\r','2022-07-22 14:45:50'),(62,'温切斯特800x\r','2022-07-22 14:45:50'),(63,'金钟1911\r','2022-07-22 14:45:50'),(64,'金钟m92\r','2022-07-22 14:45:50'),(65,'b50\r','2022-07-22 14:45:50'),(66,'槽化枪管\r','2022-07-22 14:45:50'),(67,'俄罗斯mp\r','2022-07-22 14:45:50'),(68,'枪托\r','2022-07-22 14:45:50'),(69,'M92FS\r','2022-07-22 14:45:50'),(70,'fx气皇\r','2022-07-22 14:45:50'),(71,'gamo竞技之王\r','2022-07-22 14:45:51'),(72,'秃鹰膛线管\r','2022-07-22 14:45:51'),(73,'铅弹\r','2022-07-22 14:45:51'),(74,'CO2狗\r','2022-07-22 14:45:51'),(75,'消音器\r','2022-07-22 14:45:51'),(76,'qb78\r','2022-07-22 14:45:51'),(77,'瓦尔特\r','2022-07-22 14:45:51'),(78,'花山fk77\r','2022-07-22 14:45:51'),(79,'气弹枪\r','2022-07-22 14:45:51'),(80,'火狗\r','2022-07-22 14:45:51'),(81,'平式枪\r','2022-07-22 14:45:51'),(82,'打鸟枪\r','2022-07-22 14:45:51'),(83,'打鸟汽枪\r','2022-07-22 14:45:51'),(84,'电击枪\r','2022-07-22 14:45:51'),(85,'来复枪\r','2022-07-22 14:45:51'),(86,'枪械\r','2022-07-22 14:45:52'),(87,'改装射钉枪\r','2022-07-22 14:45:52'),(88,'热兵器\r','2022-07-22 14:45:52'),(89,'双筒猎枪\r','2022-07-22 14:45:52'),(90,'微型冲锋枪\r','2022-07-22 14:45:52'),(91,'微声手枪\r','2022-07-22 14:45:52'),(92,'无声手枪\r','2022-07-22 14:45:52'),(93,'气gou\r','2022-07-22 14:45:52'),(94,'气狗\r','2022-07-22 14:45:52'),(95,'仿真电狗\r','2022-07-22 14:45:52'),(96,'美秃图纸\r','2022-07-22 14:45:52'),(97,'德版PPK\r','2022-07-22 14:45:52'),(98,'军用枪支\r','2022-07-22 14:45:52'),(99,'钢珠弹\r','2022-07-22 14:45:53'),(100,'秃鹰套件\r','2022-07-22 14:45:53'),(101,'五四式手枪\r','2022-07-22 14:45:53'),(102,'汽枪铅弹\r','2022-07-22 14:45:53'),(103,'枪支配件\r','2022-07-22 14:45:53'),(104,'发射药\r','2022-07-22 14:45:53'),(105,'快排打气筒\r','2022-07-22 14:45:53'),(106,'锦江b58\r','2022-07-22 14:45:53'),(107,'山猫pcp\r','2022-07-22 14:45:53'),(108,'左轮手狗\r','2022-07-22 14:45:53'),(109,'左轮枪\r','2022-07-22 14:45:53'),(110,'三棱军刺\r','2022-07-22 14:45:53'),(111,'三箭牌汽枪\r','2022-07-22 14:45:53'),(112,'高压汽枪\r','2022-07-22 14:45:54'),(113,'秃子型材\r','2022-07-22 14:45:54'),(114,'L115A3\r','2022-07-22 14:45:54'),(115,'温彻斯特1000x\r','2022-07-22 14:45:54'),(116,'本杰明392\r','2022-07-22 14:45:54'),(117,'华特霸者\r','2022-07-22 14:45:54'),(118,'德国夜鹰\r','2022-07-22 14:45:54'),(119,'无声猫\r','2022-07-22 14:45:54'),(120,'瓦尔特统治者5.5\r','2022-07-22 14:45:54'),(121,'气枪\r','2022-07-22 14:45:54'),(122,'12号猎枪\r','2022-07-22 14:45:54'),(123,'锡锋牌B8\r','2022-07-22 14:45:54'),(124,'pcp新贵\r','2022-07-22 14:45:54'),(125,'12号弹壳\r','2022-07-22 14:45:54'),(126,'ed50套件\r','2022-07-22 14:45:55'),(127,'r32\r','2022-07-22 14:45:55'),(128,'国产秃子\r','2022-07-22 14:45:55'),(129,'双鹰M50\r','2022-07-22 14:45:55'),(130,'工字汽枪\r','2022-07-22 14:45:55'),(131,'步枪\r','2022-07-22 14:45:55'),(132,'气步枪\r','2022-07-22 14:45:55'),(133,'仿真枪\r','2022-07-22 14:45:55'),(134,'军用手枪\r','2022-07-22 14:45:55'),(135,'麻醉枪\r','2022-07-22 14:45:55'),(136,'狙击枪\r','2022-07-22 14:45:55'),(137,'火枪\r','2022-07-22 14:45:55'),(138,'火药枪\r','2022-07-22 14:45:55'),(139,'真枪\r','2022-07-22 14:45:55'),(140,'枪\r','2022-07-22 14:45:55'),(141,'长枪\r','2022-07-22 14:45:56'),(142,'双管猎枪\r','2022-07-22 14:45:56'),(143,'运动步枪\r','2022-07-22 14:45:56'),(144,'打鸟气枪\r','2022-07-22 14:45:56'),(145,'仿真气枪\r','2022-07-22 14:45:56'),(146,'枪模\r','2022-07-22 14:45:56'),(147,'制式手枪\r','2022-07-22 14:45:56'),(148,'瓦斯枪\r','2022-07-22 14:45:56'),(149,'冲锋枪\r','2022-07-22 14:45:56'),(150,'微冲\r','2022-07-22 14:45:56'),(151,'手枪\r','2022-07-22 14:45:57'),(152,'猎枪\r','2022-07-22 14:45:57'),(153,'警用枪支\r','2022-07-22 14:45:57'),(154,'汽步枪\r','2022-07-22 14:45:57'),(155,'泰瑟枪\r','2022-07-22 14:45:57'),(156,'峨眉气枪\r','2022-07-22 14:45:57'),(157,'汽步狗\r','2022-07-22 14:45:57'),(158,'气狗子弹\r','2022-07-22 14:45:57'),(159,'PCP汽狗\r','2022-07-22 14:45:57'),(160,'猎枪弹壳\r','2022-07-22 14:45:57'),(161,'韩国AR6猎人王\r','2022-07-22 14:45:57'),(162,'88式狙击\r','2022-07-22 14:45:57'),(163,'霰弹枪\r','2022-07-22 14:45:57'),(164,'工字牌lqb19\r','2022-07-22 14:45:57'),(165,'金弓hk416\r','2022-07-22 14:45:57'),(166,'迷彩秃鹰\r','2022-07-22 14:45:58'),(167,'燕尾套件\r','2022-07-22 14:45:58'),(168,'秃鹰握把\r','2022-07-22 14:45:58'),(169,'fx叛逆者\r','2022-07-22 14:45:58'),(170,'雄鹰m007\r','2022-07-22 14:45:58'),(171,'广州三箭牌\r','2022-07-22 14:45:58'),(172,'火药钢珠枪\r','2022-07-22 14:45:58'),(173,'动力手枪\r','2022-07-22 14:45:58'),(174,'锡峰b8\r','2022-07-22 14:45:58'),(175,'金弓电狗\r','2022-07-22 14:45:58'),(176,'M300狙击\r','2022-07-22 14:45:58'),(177,'64式\r','2022-07-22 14:45:58'),(178,'仿真钢弹枪\r','2022-07-22 14:45:58'),(179,'秃鹰汽长狗\r','2022-07-22 14:45:58'),(180,'仿真长狗\r','2022-07-22 14:45:59'),(181,'短狗\r','2022-07-22 14:45:59'),(182,'ZP-5\r','2022-07-22 14:45:59'),(183,'fxt12耳语\r','2022-07-22 14:45:59'),(184,'本杰明掠夺者\r','2022-07-22 14:45:59'),(185,'五四式手狗\r','2022-07-22 14:45:59'),(186,'俄版654k\r','2022-07-22 14:45:59'),(187,'花山fs99\r','2022-07-22 14:45:59'),(188,'超级雷克\r','2022-07-22 14:45:59'),(189,'手拉长狗\r','2022-07-22 14:45:59'),(190,'华山道具\r','2022-07-22 14:45:59'),(191,'温切斯特1100x\r','2022-07-22 14:45:59'),(192,'西班牙cfx\r','2022-07-22 14:46:00'),(193,'钢珠汽枪\r','2022-07-22 14:46:00'),(194,'MP654K\r','2022-07-22 14:46:00'),(195,'三箭内脏\r','2022-07-22 14:46:00'),(196,'广东三箭\r','2022-07-22 14:46:00'),(197,'中握SB-50\r','2022-07-22 14:46:00'),(198,'m99狙击\r','2022-07-22 14:46:00'),(199,'扳机\r','2022-07-22 14:46:00'),(200,'gamoCFX\r','2022-07-22 14:46:00'),(201,'FXtyphoon台风\r','2022-07-22 14:46:00'),(202,'德国台风汽枪\r','2022-07-22 14:46:00'),(203,'工字lqb18\r','2022-07-22 14:46:00'),(204,'瓦尔特夜鹰\r','2022-07-22 14:46:00'),(205,'工字牌lqb4\r','2022-07-22 14:46:01'),(206,'工字牌qb51\r','2022-07-22 14:46:01'),(207,'gamo610\r','2022-07-22 14:46:01'),(208,'温彻斯特1000\r','2022-07-22 14:46:01'),(209,'hd50中握\r','2022-07-22 14:46:01'),(210,'工字牌ss2\r','2022-07-22 14:46:01'),(211,'m9\r','2022-07-22 14:46:01'),(212,'手狗\r','2022-07-22 14:46:01'),(213,'bb弹狗\r','2022-07-22 14:46:01'),(214,'秃子55\r','2022-07-22 14:46:01'),(215,'蟒蛇586六寸\r','2022-07-22 14:46:01'),(216,'工字牌qb57\r','2022-07-22 14:46:01'),(217,'gamo640\r','2022-07-22 14:46:01'),(218,'弹夹\r','2022-07-22 14:46:01'),(219,'台湾加强版BabyHi\r','2022-07-22 14:46:02'),(220,'工字牌lar\r','2022-07-22 14:46:02'),(221,'92F\r','2022-07-22 14:46:02'),(222,'金钟m700\r','2022-07-22 14:46:02'),(223,'ak47\r','2022-07-22 14:46:02'),(224,'m4ss\r','2022-07-22 14:46:02'),(225,'司马028u\r','2022-07-22 14:46:02'),(226,'黑星54式\r','2022-07-22 14:46:02'),(227,'BBQ901\r','2022-07-22 14:46:02'),(228,'特级运动长弹\r','2022-07-22 14:46:02'),(229,'底火\r','2022-07-22 14:46:02'),(230,'西班牙gamo\r','2022-07-22 14:46:02'),(231,'PCZ山猪\r','2022-07-22 14:46:03'),(232,'进口手狗\r','2022-07-22 14:46:03'),(233,'单管猎狗\r','2022-07-22 14:46:03'),(234,'77军用手狗\r','2022-07-22 14:46:03'),(235,'仿真汽枪\r','2022-07-22 14:46:03'),(236,'秃鹰狗\r','2022-07-22 14:46:03'),(237,'工字牌QB19\r','2022-07-22 14:46:03'),(238,'瑞典fx\r','2022-07-22 14:46:03'),(239,'工字牌qb\r','2022-07-22 14:46:03'),(240,'道尔m8045\r','2022-07-22 14:46:03'),(241,'工字汽狗\r','2022-07-22 14:46:03'),(242,'钢珠猎狗\r','2022-07-22 14:46:03'),(243,'台湾kwc\r','2022-07-22 14:46:03'),(244,'本杰明katana\r','2022-07-22 14:46:03'),(245,'54军狗\r','2022-07-22 14:46:03'),(246,'仿真AK\r','2022-07-22 14:46:03'),(247,'工字狗\r','2022-07-22 14:46:04'),(248,'雷明顿m870\r','2022-07-22 14:46:04'),(249,'德国cp88\r','2022-07-22 14:46:04'),(250,'雄鹰m05A\r','2022-07-22 14:46:04'),(251,'锡锋牌6630\r','2022-07-22 14:46:04'),(252,'工字牌LQB362\r','2022-07-22 14:46:04'),(253,'三箭牌AA0090\r','2022-07-22 14:46:04'),(254,'工字牌qb23\r','2022-07-22 14:46:04'),(255,'awp狙击\r','2022-07-22 14:46:04'),(256,'西班牙夜鹰\r','2022-07-22 14:46:04'),(257,'雷鸣登LX937\r','2022-07-22 14:46:04'),(258,'M500SSB\r','2022-07-22 14:46:04'),(259,'秃鹰击锤\r','2022-07-22 14:46:04'),(260,'工字牌B34\r','2022-07-22 14:46:04'),(261,'松鼠牌单管\r','2022-07-22 14:46:04'),(262,'中握B50\r','2022-07-22 14:46:04'),(263,'手拉鸡\r','2022-07-22 14:46:04'),(264,'三箭b5\r','2022-07-22 14:46:04'),(265,'台湾秃鹰\r','2022-07-22 14:46:04'),(266,'Auto5半自动\r','2022-07-22 14:46:04'),(267,'汽枪\r','2022-07-22 14:46:04'),(268,'子弹\r','2022-07-22 14:46:04'),(269,'fx革命者\r','2022-07-22 14:46:04'),(270,'气皇400\r','2022-07-22 14:46:04'),(271,'QB89\r','2022-07-22 14:46:04'),(272,'工字牌qb88\r','2022-07-22 14:46:04'),(273,'猎枪弹\r','2022-07-22 14:46:05'),(274,'秃鹰配件\r','2022-07-22 14:46:05'),(275,'西德ks316\r','2022-07-22 14:46:05'),(276,'654K气枪\r','2022-07-22 14:46:05'),(277,'92式手狗\r','2022-07-22 14:46:05'),(278,'77式手狗\r','2022-07-22 14:46:05'),(279,'77式手枪\r','2022-07-22 14:46:05'),(280,'654k手枪\r','2022-07-22 14:46:05'),(281,'45MM铅弹\r','2022-07-22 14:46:05'),(282,'45MM狗粮\r','2022-07-22 14:46:05'),(283,'三角牌气枪\r','2022-07-22 14:46:05'),(284,'汽手狗\r','2022-07-22 14:46:05'),(285,'54式手枪\r','2022-07-22 14:46:05'),(286,'手拉狙\r','2022-07-22 14:46:05'),(287,'柯尔特m1911\r','2022-07-22 14:46:05'),(288,'海豹M9\r','2022-07-22 14:46:05'),(289,'进口气狗\r','2022-07-22 14:46:05'),(290,'运动枪\r','2022-07-22 14:46:05'),(291,'韩国叛逆者\r','2022-07-22 14:46:05'),(292,'M4A1\r','2022-07-22 14:46:05'),(293,'柯尔特1911\r','2022-07-22 14:46:05'),(294,'狗配件\r','2022-07-22 14:46:05'),(295,'大口径PCP\r','2022-07-22 14:46:05'),(296,'瓦尔特统治者\r','2022-07-22 14:46:05'),(297,'猎木仓\r','2022-07-22 14:46:05'),(298,'L新型火箭\r','2022-07-22 14:46:06'),(299,'金钟汽枪\r','2022-07-22 14:46:06'),(300,'金钟气狗\r','2022-07-22 14:46:06'),(301,'秃鹰图纸\r','2022-07-22 14:46:06'),(302,'秃套件\r','2022-07-22 14:46:06'),(303,'汽抢\r','2022-07-22 14:46:06'),(304,'w管\r','2022-07-22 14:46:06'),(305,'本杰明发现者\r','2022-07-22 14:46:06'),(306,'工字牌qb78\r','2022-07-22 14:46:06'),(307,'BOYI手拉98K\r','2022-07-22 14:46:06'),(308,'工字牌R32\r','2022-07-22 14:46:06'),(309,'穿甲弹\r','2022-07-22 14:46:06'),(310,'FX季侯风半自动\r','2022-07-22 14:46:06'),(311,'牛头702\r','2022-07-22 14:46:06'),(312,'防暴枪\r','2022-07-22 14:46:06'),(313,'三箭牌\r','2022-07-22 14:46:06'),(314,'瓦尔特P99\r','2022-07-22 14:46:06'),(315,'司马AK\r','2022-07-22 14:46:06'),(316,'子弹模具\r','2022-07-22 14:46:06'),(317,'工字牌qb36\r','2022-07-22 14:46:07'),(318,'柯尔特巨蟒\r','2022-07-22 14:46:07'),(319,'cfx980\r','2022-07-22 14:46:07'),(320,'金弓\r','2022-07-22 14:46:07'),(321,'英国s410\r','2022-07-22 14:46:07'),(322,'健卫8\r','2022-07-22 14:46:07'),(323,'锡锋\r','2022-07-22 14:46:07'),(324,'秃鹰全套\r','2022-07-22 14:46:07'),(325,'工字气qiang\r','2022-07-22 14:46:07'),(326,'汽狗狗粮\r','2022-07-22 14:46:07'),(327,'七七式手枪\r','2022-07-22 14:46:07'),(328,'工字LAR1000\r','2022-07-22 14:46:07'),(329,'道尔M8045\r','2022-07-22 14:46:07'),(330,'金弓电动狗\r','2022-07-22 14:46:07'),(331,'暴雪s10\r','2022-07-22 14:46:07'),(332,'德国beretta\r','2022-07-22 14:46:07'),(333,'54真狗\r','2022-07-22 14:46:07'),(334,'金钟m10\r','2022-07-22 14:46:07'),(335,'b58\r','2022-07-22 14:46:07'),(336,'哈默利750\r','2022-07-22 14:46:07'),(337,'台湾PCZ\r','2022-07-22 14:46:07'),(338,'hd50\r','2022-07-22 14:46:08'),(339,'cp88\r','2022-07-22 14:46:08'),(340,'鲁格p85\r','2022-07-22 14:46:08'),(341,'汔狗\r','2022-07-22 14:46:08'),(342,'小蜜蜂连发\r','2022-07-22 14:46:08'),(343,'秃鹰枪\r','2022-07-22 14:46:08'),(344,'气动短狗\r','2022-07-22 14:46:08'),(345,'pcp屠龙手\r','2022-07-22 14:46:08'),(346,'雄鹰M008\r','2022-07-22 14:46:08'),(347,'三箭汽狗\r','2022-07-22 14:46:08'),(348,'锡锋汽枪\r','2022-07-22 14:46:08'),(349,'猎狗铅弹\r','2022-07-22 14:46:08'),(350,'仿真气木仓\r','2022-07-22 14:46:08'),(351,'仿真气狗\r','2022-07-22 14:46:08'),(352,'三箭气狗\r','2022-07-22 14:46:08'),(353,'上海工字牌气狗\r','2022-07-22 14:46:08'),(354,'三箭汽枪\r','2022-07-22 14:46:08'),(355,'1比1仿真枪\r','2022-07-22 14:46:08'),(356,'格洛克\r','2022-07-22 14:46:09'),(357,'台德管\r','2022-07-22 14:46:09'),(358,'贝瑞塔\r','2022-07-22 14:46:09'),(359,'勃朗宁m1911\r','2022-07-22 14:46:09'),(360,'英国EV2\r','2022-07-22 14:46:09'),(361,'终极猎人\r','2022-07-22 14:46:09'),(362,'pcp图纸\r','2022-07-22 14:46:09'),(363,'工字牌qb41\r','2022-07-22 14:46:09'),(364,'三箭配件\r','2022-07-22 14:46:09'),(365,'工字牌lqb34\r','2022-07-22 14:46:09'),(366,'工字牌LQB\r','2022-07-22 14:46:09'),(367,'雄鹰SVD\r','2022-07-22 14:46:09'),(368,'工字侧拉折叠式QB\r','2022-07-22 14:46:09'),(369,'夜莺cp99版\r','2022-07-22 14:46:09'),(370,'德版cp88\r','2022-07-22 14:46:09'),(371,'汤普森M1928\r','2022-07-22 14:46:09'),(372,'瓦尔特cp99\r','2022-07-22 14:46:09'),(373,'钢珠狗\r','2022-07-22 14:46:09'),(374,'92式手枪\r','2022-07-22 14:46:09'),(375,'铅弹枪\r','2022-07-22 14:46:09'),(376,'左轮手枪\r','2022-07-22 14:46:10'),(377,'汽短狗\r','2022-07-22 14:46:10'),(378,'汽长狗\r','2022-07-22 14:46:10'),(379,'雷明顿猎枪\r','2022-07-22 14:46:10'),(380,'台秃\r','2022-07-22 14:46:10'),(381,'土制猎枪\r','2022-07-22 14:46:10'),(382,'狙击狗\r','2022-07-22 14:46:10'),(383,'中握秃鹰\r','2022-07-22 14:46:10'),(384,'巴雷特\r','2022-07-22 14:46:10'),(385,'雷鸣顿\r','2022-07-22 14:46:10'),(386,'铅弹狗\r','2022-07-22 14:46:10'),(387,'射钉狗\r','2022-07-22 14:46:10'),(388,'AR6\r','2022-07-22 14:46:10'),(389,'德国colt\r','2022-07-22 14:46:10'),(390,'毛瑟c96\r','2022-07-22 14:46:10'),(391,'CP99\r','2022-07-22 14:46:10'),(392,'工字牌lqb31\r','2022-07-22 14:46:10'),(393,'ED50\r','2022-07-22 14:46:10'),(394,'XM109\r','2022-07-22 14:46:10'),(395,'工字牌qb34\r','2022-07-22 14:46:10'),(396,'工字b33\r','2022-07-22 14:46:11'),(397,'猎狗粮\r','2022-07-22 14:46:11'),(398,'狙击之王M300\r','2022-07-22 14:46:11'),(399,'德瓦管\r','2022-07-22 14:46:11'),(400,'手拉98K\r','2022-07-22 14:46:11'),(401,'EvanixRainstorm暴雨\r','2022-07-22 14:46:11'),(402,'EvanixWindyCity风城\r','2022-07-22 14:46:11'),(403,'20号弹壳\r','2022-07-22 14:46:11'),(404,'健卫20小口径\r','2022-07-22 14:46:11'),(405,'双鹰m1911\r','2022-07-22 14:46:11'),(406,'QB79\r','2022-07-22 14:46:11'),(407,'三箭B5-2\r','2022-07-22 14:46:11'),(408,'雄鹰m05\r','2022-07-22 14:46:11'),(409,'司马042\r','2022-07-22 14:46:11'),(410,'毛瑟98\r','2022-07-22 14:46:11'),(411,'上海工字牌\r','2022-07-22 14:46:11'),(412,'fx山猫\r','2022-07-22 14:46:11'),(413,'54式\r','2022-07-22 14:46:11'),(414,'kj900洛克\r','2022-07-22 14:46:11'),(415,'92式\r','2022-07-22 14:46:11'),(416,'锡锋B8折叠\r','2022-07-22 14:46:12'),(417,'美国柯尔特M1917型左轮手枪\r','2022-07-22 14:46:12'),(418,'pcp\r','2022-07-22 14:46:12'),(419,'awp\r','2022-07-22 14:46:12'),(420,'雷鸣登七连发\r','2022-07-22 14:46:12'),(421,'fn2000突击\r','2022-07-22 14:46:12'),(422,'中握兔子\r','2022-07-22 14:46:12'),(423,'做牌\r','2022-07-22 14:46:12'),(424,'折叠气枪\r','2022-07-22 14:46:12'),(425,'汽枪图纸\r','2022-07-22 14:46:12'),(426,'侧拉式气枪\r','2022-07-22 14:46:12'),(427,'汽狗图纸\r','2022-07-22 14:46:12'),(428,'54手狗\r','2022-07-22 14:46:12'),(429,'仿真64\r','2022-07-22 14:46:12'),(430,'上海工字气狗\r','2022-07-22 14:46:12'),(431,'骚本气枪\r','2022-07-22 14:46:12'),(432,'国秃\r','2022-07-22 14:46:12'),(433,'雷鸣七连发\r','2022-07-22 14:46:12'),(434,'广州三箭\r','2022-07-22 14:46:13'),(435,'工字牌XS\r','2022-07-22 14:46:13'),(436,'德国586\r','2022-07-22 14:46:13'),(437,'温彻斯特m1887\r','2022-07-22 14:46:13'),(438,'弹轮\r','2022-07-22 14:46:13'),(439,'德国夜莺\r','2022-07-22 14:46:13'),(440,'秃子全套套件\r','2022-07-22 14:46:13'),(441,'猎枪配件\r','2022-07-22 14:46:13'),(442,'单管猎枪\r','2022-07-22 14:46:13'),(443,'上海工字汽狗\r','2022-07-22 14:46:13'),(444,'锡锋牌气枪\r','2022-07-22 14:46:13'),(445,'骚本套件\r','2022-07-22 14:46:13'),(446,'汽枪配件\r','2022-07-22 14:46:13'),(447,'气狗狗粮\r','2022-07-22 14:46:13'),(448,'上海工字气枪\r','2022-07-22 14:46:13'),(449,'气枪枪管\r','2022-07-22 14:46:13'),(450,'高压鸟枪\r','2022-07-22 14:46:13'),(451,'气枪瞄准镜\r','2022-07-22 14:46:14'),(452,'汽狗铅弹\r','2022-07-22 14:46:14'),(453,'气枪子弹\r','2022-07-22 14:46:14'),(454,'猎枪铅弹\r','2022-07-22 14:46:14'),(455,'骚本\r','2022-07-22 14:46:14'),(456,'气抢\r','2022-07-22 14:46:14'),(457,'五连发\r','2022-07-22 14:46:14'),(458,'英国B9-10\r','2022-07-22 14:46:14'),(459,'台湾火箭秃\r','2022-07-22 14:46:14'),(460,'峨眉牌立式12号\r','2022-07-22 14:46:14'),(461,'灭火器打鸟\r','2022-07-22 14:46:14'),(462,'健卫步枪\r','2022-07-22 14:46:14'),(463,'秃鹰汽枪\r','2022-07-22 14:46:14'),(464,'高压步枪\r','2022-07-22 14:46:14'),(465,'高压打鸟枪\r','2022-07-22 14:46:14'),(466,'自制手枪\r','2022-07-22 14:46:14'),(467,'金属枪模\r','2022-07-22 14:46:14'),(468,'金属仿真枪\r','2022-07-22 14:46:14'),(469,'雷鸣登汽枪\r','2022-07-22 14:46:14'),(470,'雷鸣登猎枪\r','2022-07-22 14:46:14'),(471,'汽枪消声器\r','2022-07-22 14:46:14'),(472,'瓦斯手枪\r','2022-07-22 14:46:15'),(473,'秃鹰气枪\r','2022-07-22 14:46:15'),(474,'秃鹰气瓶\r','2022-07-22 14:46:15'),(475,'绿瓦管\r','2022-07-22 14:46:15'),(476,'汽狗\r','2022-07-22 14:46:15'),(477,'气皇\r','2022-07-22 14:46:15'),(478,'短秃\r','2022-07-22 14:46:15'),(479,'金钟m1911\r','2022-07-22 14:46:15'),(480,'卡宾枪\r','2022-07-22 14:46:15'),(481,'654k\r','2022-07-22 14:46:15'),(482,'PCP枪管膛线\r','2022-07-22 14:46:15'),(483,'秃鹰扳机\r','2022-07-22 14:46:15'),(484,'铅弹母鸡\r','2022-07-22 14:46:15'),(485,'5.1英寸A银龙版\r','2022-07-22 14:46:15'),(486,'内脏全套\r','2022-07-22 14:46:15'),(487,'雷明顿700\r','2022-07-22 14:46:15'),(488,'沙漠之鹰\r','2022-07-22 14:46:15'),(489,'钢珠枪\r','2022-07-22 14:46:15'),(490,'国产气枪\r','2022-07-22 14:46:15'),(491,'进口汽枪\r','2022-07-22 14:46:15'),(492,'温彻斯特1100x\r','2022-07-22 14:46:15'),(493,'m110狙击\r','2022-07-22 14:46:15'),(494,'雄鹰awp\r','2022-07-22 14:46:16'),(495,'fx农夫\r','2022-07-22 14:46:16'),(496,'土铳\r','2022-07-22 14:46:16'),(497,'鲁格\r','2022-07-22 14:46:16'),(498,'峨眉牌汽枪\r','2022-07-22 14:46:16'),(499,'东京丸井MARUIPSG1\r','2022-07-22 14:46:16'),(500,'奥运会比赛手狗\r','2022-07-22 14:46:16'),(501,'花山左轮\r','2022-07-22 14:46:16'),(502,'温切斯特气枪\r','2022-07-22 14:46:16'),(503,'气枪铅弹\r','2022-07-22 14:46:16'),(504,'洛克KJ900\r','2022-07-22 14:46:16'),(505,'fx季候风\r','2022-07-22 14:46:16'),(506,'5.5母鸡模具\r','2022-07-22 14:46:16'),(507,'BB狗\r','2022-07-22 14:46:16'),(508,'锡锋牌b51\r','2022-07-22 14:46:16'),(509,'CP99夜鹰版\r','2022-07-22 14:46:16'),(510,'gamo\r','2022-07-22 14:46:16'),(511,'狗件\r','2022-07-22 14:46:16'),(512,'秃子\r','2022-07-22 14:46:16');

--
-- Table structure for table `t_hc_community_user`
--

DROP TABLE IF EXISTS `t_hc_community_user`;
/*!40101 SET @saved_cs_client     = @@character_set_client */;
/*!50503 SET character_set_client = utf8mb4 */;
CREATE TABLE `t_hc_community_user` (
  `user_id` bigint NOT NULL AUTO_INCREMENT COMMENT 'ID',
  `dept_id` bigint DEFAULT NULL COMMENT '部门名称',
  `username` varchar(255) DEFAULT NULL COMMENT '用户名',
  `nick_name` varchar(255) DEFAULT NULL COMMENT '昵称',
  `gender` varchar(2) DEFAULT NULL COMMENT '性别',
  `phone` varchar(255) DEFAULT NULL COMMENT '手机号码',
  `email` varchar(255) DEFAULT NULL COMMENT '邮箱',
  `avatar_name` varchar(255) DEFAULT NULL COMMENT '头像地址',
  `avatar_path` varchar(255) DEFAULT NULL COMMENT '头像真实路径',
  `password` varchar(255) DEFAULT NULL COMMENT '密码',
  `is_admin` bit(1) DEFAULT b'0' COMMENT '是否为admin账号',
  `enabled` bigint DEFAULT NULL COMMENT '状态：1启用、0禁用',
  `create_by` varchar(255) DEFAULT NULL COMMENT '创建者',
  `update_by` varchar(255) DEFAULT NULL COMMENT '更新者',
  `pwd_reset_time` datetime DEFAULT NULL COMMENT '修改密码的时间',
  `create_time` datetime DEFAULT NULL COMMENT '创建日期',
  `update_time` datetime DEFAULT NULL COMMENT '更新时间',
  PRIMARY KEY (`user_id`),
  UNIQUE KEY `UK_kpubos9gc2cvtkb0thktkbkes` (`email`),
  UNIQUE KEY `uniq_email` (`email`),
  UNIQUE KEY `uniq_username` (`username`),
  UNIQUE KEY `username` (`username`),
  KEY `FK5rwmryny6jthaaxkogownknqp` (`dept_id`),
  KEY `FKpq2dhypk2qgt68nauh2by22jb` (`avatar_name`),
  KEY `inx_enabled` (`enabled`)
) ENGINE=InnoDB AUTO_INCREMENT=3 DEFAULT CHARSET=utf8mb4 COLLATE=utf8mb4_0900_ai_ci COMMENT='系统用户';
/*!40101 SET character_set_client = @saved_cs_client */;

--
-- Dumping data for table `t_hc_community_user`
--

INSERT INTO `t_hc_community_user` VALUES (1,2,'admin','管理员','男','18888888888','201507802@qq.com','avatar-20200806032259161.png','/Users/jie/Documents/work/me/admin/eladmin/~/avatar/avatar-20200806032259161.png','16fae42ec01119d20866558254033a38',_binary '',1,NULL,'admin','2020-05-03 16:38:31','2022-07-04 09:11:56','2022-07-04 09:11:56'),(2,2,'test','测试','男','19999999999','231@qq.com',NULL,NULL,'7eb94bbc1073e60b458e5ce454e4f22a',_binary '\0',1,'admin','admin',NULL,'2022-07-04 09:11:56','2022-07-04 09:11:56');

--
-- Table structure for table `t_hc_community_user_like`
--

DROP TABLE IF EXISTS `t_hc_community_user_like`;
/*!40101 SET @saved_cs_client     = @@character_set_client */;
/*!50503 SET character_set_client = utf8mb4 */;
CREATE TABLE `t_hc_community_user_like` (
  `ID` int NOT NULL AUTO_INCREMENT COMMENT '帖子点赞表',
  `USERCODE` varchar(255) DEFAULT NULL COMMENT '用户代码',
  `POSTID` int DEFAULT NULL COMMENT '帖子ID',
  `LIKED` varchar(255) DEFAULT NULL COMMENT '赞状态，0取消，1点赞',
  PRIMARY KEY (`ID`)
) ENGINE=InnoDB AUTO_INCREMENT=195 DEFAULT CHARSET=utf8mb4 COLLATE=utf8mb4_0900_ai_ci COMMENT='用户点赞表';
/*!40101 SET character_set_client = @saved_cs_client */;

--
-- Dumping data for table `t_hc_community_user_like`
--

INSERT INTO `t_hc_community_user_like` VALUES (156,'C010019',46,'1'),(158,'C010019',44,'1'),(159,'C010019',27,'1'),(160,'C010019',45,'1'),(162,'C010019',40,'1'),(163,'C010019',37,'1'),(164,'C216509',44,'1'),(165,'C216509',27,'1'),(167,'C216509',45,'1'),(169,'C216509',39,'1'),(170,'C216509',38,'1'),(171,'C216509',37,'1'),(172,'C216509',25,'1'),(173,'C216509',23,'1'),(174,'C216509',46,'1'),(175,'C216509',47,'1'),(176,'C216509',40,'1'),(177,'C22222300018',44,'1'),(179,'C22222300018',45,'1'),(180,'C22222300018',40,'1'),(181,'C22222300018',39,'1'),(182,'C22222300018',38,'1'),(183,'C22222300018',37,'1'),(184,'C22222300018',27,'1'),(185,'C22222300018',25,'1'),(186,'C22222300018',46,'1'),(188,'C00299500029',46,'1'),(189,'C22222300018',47,'1'),(190,'U01392_26660',47,'1'),(191,'U01392_26660',45,'1'),(194,'C010019',32,'1');
/*!40103 SET TIME_ZONE=@OLD_TIME_ZONE */;

/*!40101 SET SQL_MODE=@OLD_SQL_MODE */;
/*!40014 SET FOREIGN_KEY_CHECKS=@OLD_FOREIGN_KEY_CHECKS */;
/*!40014 SET UNIQUE_CHECKS=@OLD_UNIQUE_CHECKS */;
/*!40101 SET CHARACTER_SET_CLIENT=@OLD_CHARACTER_SET_CLIENT */;
/*!40101 SET CHARACTER_SET_RESULTS=@OLD_CHARACTER_SET_RESULTS */;
/*!40101 SET COLLATION_CONNECTION=@OLD_COLLATION_CONNECTION */;
/*!40111 SET SQL_NOTES=@OLD_SQL_NOTES */;

-- Dump completed on 2023-07-11 16:54:20
